{"version":2,"hash":{"type":"Buffer","data":"gQud63fLyds9ZId1pf3OmleI8uldqtkVJDTW6S2sI96O95i/uOjCU7kmtSTlkKurg3t12O/CcRIpvf5vAsWjD5cH6yxLdVPdqsl152RFJIW8AKs/fuLkXcErt+e4GQl25Cz7xeyOTi2b5tzBIZmyE6E1X4h1/qDdi7U969MnTwY="},"indexValueMap":{"ddjgY/o78FEO2HoHl4XwiO+XbcNItr9z6Wn3GHnkdDk=":{"valueMac":{"type":"Buffer","data":"HguZMBSpdB6OHXHpRTdPFMlQHTCcVfJoFBY2EKVwiIY="}},"lqhmCoMWS11a5azzOohLESTm1Bu/fi63nOZ0kKNr9ek=":{"valueMac":{"type":"Buffer","data":"aYA9Nfzb3npAepDB4R7v4yoJqmZpxAkVhpBgZC5O3DU="}},"RdjaOrU7O81oBbFTjKxrm93N8OARx58df06EzXl8zNM=":{"valueMac":{"type":"Buffer","data":"OOvFC7qgTuQarawwbMHDGBcsqX1Yp+WYQMbFu69Mwe4="}},"QrwYBpflipYbJU8RA0SHxDElK2jDOZvHsqeOHpORoXM=":{"valueMac":{"type":"Buffer","data":"Buw2OGshggZisOLnXfSc7VsFTGeLAIXTsXT2ya9dH9M="}},"tjt32yVXdskaXHcoMtScD5VUiaH96Z5AxtMrtxohJgY=":{"valueMac":{"type":"Buffer","data":"nj6tMA+UlbDerQ7AN/WWjDuQPb7Lg8hY6oU9IvMkPqY="}},"8++L66DzqJmCLh4hc9FYJ9FKc/UyjiYiHdFvdZDMI0g=":{"valueMac":{"type":"Buffer","data":"VkEHZC17O6EwwHXH+NdgZRgDfkNntrzK0yZiOC93XeQ="}},"LQ7C/NwwAYi708rL9cPvxD1Ijrn/LUdu2s+vsRil7rE=":{"valueMac":{"type":"Buffer","data":"drcDmI6X2NdBRpErGcZG5+dwiFU2+AX9fJ0MKGaBV2o="}},"8MYeN+YRsqtVlFe4SdI3gnfmPbn3exg3zwRvkcVg/gg=":{"valueMac":{"type":"Buffer","data":"qtPwWJQH6CGngWiPI0ARRGGhUptE4Yi7zADdSu5+YBM="}},"GhA01Fs9e9IL2K4xfGlcUxMmAbSOmwogWOnqGeJiLF8=":{"valueMac":{"type":"Buffer","data":"YIo06AWkUzScE5HdAgZGLsW/lVrQEVr1A7+8Dib9/Xw="}},"NChYZuBHiYTPOC0ZzO1MEyKyBmBvgt6cocuDvT1Md8Q=":{"valueMac":{"type":"Buffer","data":"vqWhwBxvz1XawEmZnhvMkN4BDEBPKPwRaVQlUw4xl4I="}},"rZ6t+R1/Bc3h98WT6jn8iXIdlVAIIWn88qDiu5Ys20g=":{"valueMac":{"type":"Buffer","data":"ZN9ZHuUa7KNEixa0iHgZKbiHK8zJb5k/4Wg74dQiM0E="}},"sq2EzaKPOAxqBAGXwutSvVyVJZhwLAm/iwtVyYgDB94=":{"valueMac":{"type":"Buffer","data":"eg7B+HgPghk7uvb6FW7wjuoa0sxSK4o74R4QzKqK0RQ="}},"8R74ETdMO60ab7H/CD1lIetM5oQnx0s97/OCWvHSqIk=":{"valueMac":{"type":"Buffer","data":"1hpfYQLO2UrF5ACqlT4k8IqlLEgD+mguoK46FlCOqmA="}},"fZMPE/OGttxAGTyeGZpnlL01Kp3uzHEyMWFzy3d8HqA=":{"valueMac":{"type":"Buffer","data":"w3BQA7dkAT6KlQnagYjIWCWcbZ/6lCwN5biLINqRdLU="}},"WkTy4ZqoefkpJ4KcZmUBjo70o+RzUMp++JJvku1w5zs=":{"valueMac":{"type":"Buffer","data":"RWcAsv46i54dFXoY+hC/HyeznuHkkTaTAoReCTBQPJQ="}},"IXJcyglW0sZ7zcIyuSPkEHdA+gI3Bz2SxYsoRFyFvlE=":{"valueMac":{"type":"Buffer","data":"sr2XPVxxpLaKqsXKpXQCueHghAM16BBivudQ2jCgA+0="}},"EgQqkoRd77loGV25VcvU9lj7F7leVPqmyTAdxoY+CbY=":{"valueMac":{"type":"Buffer","data":"64gJruYC4XWJaEZPvi4f3X5VWPR1+MqyvrbpackUCsE="}},"JVNxTTKX9gzoae+8swy4y/bDrjty2wc0BlG6GpGLrsw=":{"valueMac":{"type":"Buffer","data":"MzVsQJgzWwGswBMrjar8O14BElrCxvwnWJet8Qja5yI="}},"fQMX7bwxmNChK5RSB7wtcDa69+ri5TfOSmiJO9hkcTk=":{"valueMac":{"type":"Buffer","data":"z+V64b4UGzld9zhEZmmSJHqjMBy08Lb1hIVwzZR9Geg="}}}}