{"noiseKey":{"private":{"type":"Buffer","data":"INWTkgrxc1yPZPJ+xwRM5wQD9p444Cq7ltmqf1qVUGE="},"public":{"type":"Buffer","data":"BwuT00bC11e3DwZgx6oc/2baRzYvxedXCNtr6KuF10c="}},"pairingEphemeralKeyPair":{"private":{"type":"Buffer","data":"QKhO6qAiz4zmRg5WrhnRwc3eCQyqzCU50+0AOgdzcmY="},"public":{"type":"Buffer","data":"svN0TiK21/Fh+1zAIeOBAMi0/qPeJV/DtTHgWegMhSs="}},"signedIdentityKey":{"private":{"type":"Buffer","data":"OAOJiGGzjgMOJwzFaa1wXw+tiFdvyxXSmGKeoePISng="},"public":{"type":"Buffer","data":"45rECpVey3OmWT1Z6CN00jg0jdu4s62Po3Wn+KQw8n0="}},"signedPreKey":{"keyPair":{"private":{"type":"Buffer","data":"4JVKpWy/ahBQzSB0fv8tOILQqAnr1+O48pcmA5H6Xmo="},"public":{"type":"Buffer","data":"a9XUwniAw/NM1pZkd4wG5GeKBoZZ5VCwjQnjJlc2XA0="}},"signature":{"type":"Buffer","data":"0CWmceofEX2Ym3zOqAoID4uYEoKzK73ysYePb4lmA3FR3vIOMJtkCKLvdfw4ZOKTZ5psuaQKl6pJD5+AHnZQBA=="},"keyId":1},"registrationId":242,"advSecretKey":"0GYUc5lHWKfJwnfGh85r15QZ51P0nPe9bqW2PTYajjI=","processedHistoryMessages":[{"key":{"remoteJid":"6282326826446@s.whatsapp.net","fromMe":true,"id":"1A6A13007AB0BC986CF761F827A7E4C8"},"messageTimestamp":1742490442},{"key":{"remoteJid":"6282326826446@s.whatsapp.net","fromMe":true,"id":"2DB0985B761F2CABE725C205941561DB"},"messageTimestamp":1742490442},{"key":{"remoteJid":"6282326826446@s.whatsapp.net","fromMe":true,"id":"38735139955D82FD3BD5019B9857959F"},"messageTimestamp":1742490446},{"key":{"remoteJid":"6282326826446@s.whatsapp.net","fromMe":true,"id":"0CE308F04C858CE407E61A3228B93259"},"messageTimestamp":1742490447}],"nextPreKeyId":93,"firstUnuploadedPreKeyId":93,"accountSyncCounter":1,"accountSettings":{"unarchiveChats":false},"deviceId":"s6gepQKNQ0SOi0U_eA8UEw","phoneId":"323be686-4641-4530-bd19-a42cb4b24871","identityId":{"type":"Buffer","data":"RXeiSHrDPgjVsSmAJXTTBWksMCY="},"registered":true,"backupToken":{"type":"Buffer","data":"Uc3TAAPecTI1RpNqHpkh6YkIaWU="},"registration":{},"pairingCode":"SKW64FRP","me":{"id":"6282326826446:20@s.whatsapp.net","lid":"155701691285754:20@lid","name":"PallzzJB"},"account":{"details":"CJKsxOcBEMKW8b4GGAEgACgA","accountSignatureKey":"aAlRTj6GZL58432CslOzJxdj6OzRMN8V2XvRAGjvZQA=","accountSignature":"tMV+VJtsGUlfSnMIZEKB7ZEEo+SJOsLCt0IULtfTbB6ca3OIXUOTiKSqHJtFmC3POmaMKDRMjkonDkmQWc00Bw==","deviceSignature":"4+hJXqanHgVMdlHihMfU+qI7OPKUd2I7yNENGWqZZwxI2wIKnBYixRo7Mk80uQ/Yq2SG9JGItSnrKWD4RmaTAw=="},"signalIdentities":[{"identifier":{"name":"6282326826446:20@s.whatsapp.net","deviceId":0},"identifierKey":{"type":"Buffer","data":"BWgJUU4+hmS+fON9grJTsycXY+js0TDfFdl70QBo72UA"}}],"platform":"android","routingInfo":{"type":"Buffer","data":"CA0IBQ=="},"lastAccountSyncTimestamp":1742491418,"myAppStateKeyId":"AAAAABrL"}