[{"senderKeyId":173838807,"senderChainKey":{"iteration":8,"seed":"91gUfTUaGbwpUurcnOpLyN9828bj3eS4je8lmPJlhCU="},"senderSigningKey":{"public":"BSqsiLAPJnsFPO705zQQUqSxvOj+2ZyfF1AR5rBDykRh"},"senderMessageKeys":[]},{"senderKeyId":1554127008,"senderChainKey":{"iteration":2,"seed":"zYjq7qbUZ/O5RU3zV4m627Xlz1eOuQGecHLT6cohZUI="},"senderSigningKey":{"public":"BZV9/LMsDk6NInP+uCBx+RKyfxI3VACmWB7IKkVwplVR"},"senderMessageKeys":[]},{"senderKeyId":434907020,"senderChainKey":{"iteration":7,"seed":"uoS8i/bwJQ3jM1LiK6UD5B9toxa8q5axoOaXCsENE8I="},"senderSigningKey":{"public":"Bc33BlaZI9DmnSXZaVPHipEDUNqFZZKgGbxpvL7Pt5xC"},"senderMessageKeys":[]}]