[{"senderKeyId":1278434251,"senderChainKey":{"iteration":1,"seed":"vbQ4qpTv36L2/O+ugCkX+A5KGPQ4VPgc9ipHqsnK3Qs="},"senderSigningKey":{"public":"BT/H0dkmYOoxTkhJUFFpn77m0KUpB8QKwoqHYBKsqPEm"},"senderMessageKeys":[]},{"senderKeyId":23327171,"senderChainKey":{"iteration":1,"seed":"c+r4/57AIoxEJzW2fGWgfrqFF9BvOkxw9vK29sNpoQM="},"senderSigningKey":{"public":"BYGZ1goACD1GebGxJYwsEYL/hTgsbyihGuefCz9hWSlR"},"senderMessageKeys":[]},{"senderKeyId":899467719,"senderChainKey":{"iteration":1,"seed":"1Qkh3R2IDhDTYZDlyxfMWn6J/mjWkq8F5XUK3Y6P1FI="},"senderSigningKey":{"public":"BdjNWdsOOQu1DF++sSH63OBINrYvObe7Y/oiywMla8VN"},"senderMessageKeys":[]}]