{"_sessions":{"BSY/+fIgbMDw83Dpg/PSIoAm4Ra5d06b4wLUHqxQtHcg":{"registrationId":1130790799,"currentRatchet":{"ephemeralKeyPair":{"pubKey":"BbkM5FV5ms1HpIaAIHNo1NdH32aXy+SXpWZfJ/lug21q","privKey":"6CEZhG+l/4P9T1w1Me9n2nrR3WQ3b7jGah7ZqGdTXko="},"lastRemoteEphemeralKey":"BUB/8bY80WLTBy4oEWlm7Ro4b79GnenQZUMJ2Iym+ypT","previousCounter":0,"rootKey":"oP3LUdmLP5oqC0Fl1J0M2ceZU36V3vWmEAiXMmUtEbU="},"indexInfo":{"baseKey":"BSY/+fIgbMDw83Dpg/PSIoAm4Ra5d06b4wLUHqxQtHcg","baseKeyType":2,"closed":-1,"used":1742491419695,"created":1742491419695,"remoteIdentityKey":"BTgke2IIprE5qBGqqE6DdlC9Kayflnnht1ay6vWhJE89"},"_chains":{"BUB/8bY80WLTBy4oEWlm7Ro4b79GnenQZUMJ2Iym+ypT":{"chainKey":{"counter":0,"key":"r1reykLyQ4BTUyNC5omPYUZntUSajcx1W/42FFyoN8c="},"chainType":2,"messageKeys":{}},"BbkM5FV5ms1HpIaAIHNo1NdH32aXy+SXpWZfJ/lug21q":{"chainKey":{"counter":-1,"key":"Ro8dEH7Dyxdh+p9x49XwwxabxYLdCdF7LBmvZSSQ3Xw="},"chainType":1,"messageKeys":{}}}}},"version":"v1"}