{"_sessions":{"Bbzj0DLazgZySOWArAwtsQZ3o4JcVoiqs9e2Hw9Xb1kh":{"registrationId":173644628,"currentRatchet":{"ephemeralKeyPair":{"pubKey":"Be9JmDIi8Urr5qdbje6wf/JZLi0UgZAuIqPOMiGN1HNp","privKey":"gKzeMGYKV7rGZ36EJy+17ACjjtgQj9gZFrvhO8/7mG0="},"lastRemoteEphemeralKey":"BeyqWS6pPmMDFeqZHCphrjbNBydNo2hxUTTwwM3GL0EC","previousCounter":0,"rootKey":"ps97+t9uE6jYKNa5IckU+v1I+NHQL4Rqb6OWLe37ZSs="},"indexInfo":{"baseKey":"Bbzj0DLazgZySOWArAwtsQZ3o4JcVoiqs9e2Hw9Xb1kh","baseKeyType":1,"closed":-1,"used":1742490564518,"created":1742490564518,"remoteIdentityKey":"BXqUUDdtoIBPD400QmtseMyk+hU/v7S6K+TuixN16Jx3"},"_chains":{"Be9JmDIi8Urr5qdbje6wf/JZLi0UgZAuIqPOMiGN1HNp":{"chainKey":{"counter":0,"key":"G4HP1Di2J2VYmyMn1exQX9rLUMJ+C2yMdHUYYhRySHE="},"chainType":1,"messageKeys":{}}},"pendingPreKey":{"signedKeyId":13,"baseKey":"Bbzj0DLazgZySOWArAwtsQZ3o4JcVoiqs9e2Hw9Xb1kh","preKeyId":8227930}}},"version":"v1"}