{"_sessions":{"BYR5N10zlG+FyJPTZLG8wshLypzLRkpAPpuBbv5v9EE2":{"registrationId":1972469872,"currentRatchet":{"ephemeralKeyPair":{"pubKey":"BbIuRLg9mMlaTARbb//IiErKvzbXwihWembjKeyVS/tZ","privKey":"+Cmi1nEaK4NIO04q/mD9p2vVySovCfyrXjuYkkl2BkQ="},"lastRemoteEphemeralKey":"BQIRJuTk+aJ054F4BH2BN11czWcMgRPn16iLB92+orxT","previousCounter":0,"rootKey":"50O0zD/Yjjdm+Ro/Y2gTZO8xFRb5p/muMqBsLu28Dvg="},"indexInfo":{"baseKey":"BYR5N10zlG+FyJPTZLG8wshLypzLRkpAPpuBbv5v9EE2","baseKeyType":1,"closed":-1,"used":1742490563783,"created":1742490563783,"remoteIdentityKey":"BR5okGzAx94A2+EwX68TCiR5LZDdnCyl+7+mFtcLdfcT"},"_chains":{"BbIuRLg9mMlaTARbb//IiErKvzbXwihWembjKeyVS/tZ":{"chainKey":{"counter":0,"key":"yVQ75PwlsFVIBx4Aei7U/RtlOd0wjxdG9+fTwFSmco4="},"chainType":1,"messageKeys":{}}},"pendingPreKey":{"signedKeyId":4,"baseKey":"BYR5N10zlG+FyJPTZLG8wshLypzLRkpAPpuBbv5v9EE2","preKeyId":10093180}}},"version":"v1"}