{"_sessions":{"BZKuUVOKo5E0VrVObqGQ2hS+b+MrbiWGPEGzBVgG9lZg":{"registrationId":1356959701,"currentRatchet":{"ephemeralKeyPair":{"pubKey":"BZXFUVfdimFDxjT4FPLoJL/rA6GmBcxgQ+P9R0qZNaFu","privKey":"8DVQe0NzTXrpUsT2hSa5n9XmvVl/o+KhgXCXIkQOpEU="},"lastRemoteEphemeralKey":"Bbl5oAmn0sVD4BrW/4Tt1gs7A3+Qe6DoI2esPVkOJVx2","previousCounter":0,"rootKey":"Vbilz2TgbZBM2jMdmkQnrqwTX78atIYl+G7IlVfHb5M="},"indexInfo":{"baseKey":"BZKuUVOKo5E0VrVObqGQ2hS+b+MrbiWGPEGzBVgG9lZg","baseKeyType":1,"closed":-1,"used":1742490564380,"created":1742490564380,"remoteIdentityKey":"BSQpNuzeEPfVrUDTTqKE3HT3koMkyaInnTSIoalSeF5v"},"_chains":{"BZXFUVfdimFDxjT4FPLoJL/rA6GmBcxgQ+P9R0qZNaFu":{"chainKey":{"counter":0,"key":"bEXebn9DFckyiLbPLiDKbZHvSyZC8w2coBInIojJPVY="},"chainType":1,"messageKeys":{}}},"pendingPreKey":{"signedKeyId":0,"baseKey":"BZKuUVOKo5E0VrVObqGQ2hS+b+MrbiWGPEGzBVgG9lZg","preKeyId":11494408}}},"version":"v1"}