{"_sessions":{"BdZxcglovzALVAySeAMwy4N3588DNkA0HI1Gv4KAi0QN":{"registrationId":1427670761,"currentRatchet":{"ephemeralKeyPair":{"pubKey":"BdZHTES5BA0W2MP3XxHBbAy8/x7nXSvhoy4x2UOASkof","privKey":"ULfYgjju2nl6osZSMvPl25XSs4Tsv3azbBUJqJ7GElc="},"lastRemoteEphemeralKey":"BT3bUM9F7zQlWgomQhnxHfXZUsZHVSaHHBp1/nS+RTNa","previousCounter":0,"rootKey":"hL0mtT5tx45HuCwQZdZRB22P4g/sD+0daYWve1T/AJY="},"indexInfo":{"baseKey":"BdZxcglovzALVAySeAMwy4N3588DNkA0HI1Gv4KAi0QN","baseKeyType":2,"closed":-1,"used":1742490526009,"created":1742490526009,"remoteIdentityKey":"BQB2IklghkMxmm2xAoAUR3Fc7hoOZud1UUsri4FBZjR9"},"_chains":{"BT3bUM9F7zQlWgomQhnxHfXZUsZHVSaHHBp1/nS+RTNa":{"chainKey":{"counter":0,"key":"08PqWSdX8iKceKZ5plcLwJhyA4H2LMor8u/oN7KQ6Tw="},"chainType":2,"messageKeys":{}},"BdZHTES5BA0W2MP3XxHBbAy8/x7nXSvhoy4x2UOASkof":{"chainKey":{"counter":-1,"key":"WbIp7I1/GiJ5WUZgs+yj686n5mS8oVOZl1u4KYvBpB4="},"chainType":1,"messageKeys":{}}}}},"version":"v1"}