{"_sessions":{"BW9LxMSppy5P9k4Wojet9zL1ksoF1nOicR38YF1tpm8b":{"registrationId":1074670599,"currentRatchet":{"ephemeralKeyPair":{"pubKey":"BfAj0PwoaaPc5HpI4OG+wI65de92ZaQUFBhiyK4IeskX","privKey":"2HcBI3siDQJ3d1GBGvrIMnzjk2iBN6Xlkk0T+BAFumM="},"lastRemoteEphemeralKey":"BehIXmuyHFUp+Cyjm0KkRz1iNvp6QYSyBMJ4fYxohmtq","previousCounter":0,"rootKey":"2rJUOoOHTziuMVC8Izbuwq6G1fyV+zIht6CdnFkBSI0="},"indexInfo":{"baseKey":"BW9LxMSppy5P9k4Wojet9zL1ksoF1nOicR38YF1tpm8b","baseKeyType":1,"closed":-1,"used":1742490563787,"created":1742490563787,"remoteIdentityKey":"BaN+XLdFRLOZcKJbBHOgeBKxvYGuS23wS0UixhwA8bND"},"_chains":{"BfAj0PwoaaPc5HpI4OG+wI65de92ZaQUFBhiyK4IeskX":{"chainKey":{"counter":0,"key":"oAqk3BCgKg4jDkJGpZqoe3hItVvSKw6xNzkYxlJ9K14="},"chainType":1,"messageKeys":{}}},"pendingPreKey":{"signedKeyId":23,"baseKey":"BW9LxMSppy5P9k4Wojet9zL1ksoF1nOicR38YF1tpm8b","preKeyId":396278}}},"version":"v1"}