{"_sessions":{"BRinpH4lqQS8+xcoMNriZKrFU4hcVUI1RTAgSEr9iIsf":{"registrationId":781841414,"currentRatchet":{"ephemeralKeyPair":{"pubKey":"BXzLF7TY2LFKHKu+/L67JSDsehyqEUteuR7ITUmBqINI","privKey":"GG5Hm9p2Xv5CeWS1NxL+XZCww2PnBeAi3LamG9WNg1M="},"lastRemoteEphemeralKey":"Bc4EkCMy2QZS4Bz1ITcT+tdAOzSTdtl0cqzqCkbt5Zsh","previousCounter":0,"rootKey":"qBGxwYJbgD5wLH8sABcMoNxU8x+W8sa1SDOKe0qTvbI="},"indexInfo":{"baseKey":"BRinpH4lqQS8+xcoMNriZKrFU4hcVUI1RTAgSEr9iIsf","baseKeyType":1,"closed":-1,"used":1742490564013,"created":1742490564013,"remoteIdentityKey":"BaVBe/cHCJaTbaQvDceyVX/rCICJLiH/wBWThy/WZeZ1"},"_chains":{"BXzLF7TY2LFKHKu+/L67JSDsehyqEUteuR7ITUmBqINI":{"chainKey":{"counter":0,"key":"PU37Ftras59uhwqgYB5W0c/kP9HAtz3YEDjB7OrI5Js="},"chainType":1,"messageKeys":{}}},"pendingPreKey":{"signedKeyId":7,"baseKey":"BRinpH4lqQS8+xcoMNriZKrFU4hcVUI1RTAgSEr9iIsf","preKeyId":11019832}}},"version":"v1"}