{"_sessions":{"BYIceKzScSmQuDUoIJtwzDalCLCD6VnnGI4xV8rYgQFV":{"registrationId":2051958111,"currentRatchet":{"ephemeralKeyPair":{"pubKey":"BYPubB5vdzZ1Eu90s5tQLi+8Q5g6qw/yCAHHAWJdO61m","privKey":"+Bl2Oc+m04WGR7SXJ4+Fq39ilIWgRC4eihhiPlFQh1s="},"lastRemoteEphemeralKey":"BcLT7A0g/al6UBIJcXHyVJvOTaiO5h0pJwK+TeB4zUES","previousCounter":0,"rootKey":"VuLrn6UXrR2gxv3xsYEd5iik1fvxuNTixiJBuc1dynw="},"indexInfo":{"baseKey":"BYIceKzScSmQuDUoIJtwzDalCLCD6VnnGI4xV8rYgQFV","baseKeyType":2,"closed":-1,"used":1742493616098,"created":1742493616098,"remoteIdentityKey":"BdjyCyG2x5MVAayP5CcrQ0L2QvmNyR+7M+tE+C1074kI"},"_chains":{"BcLT7A0g/al6UBIJcXHyVJvOTaiO5h0pJwK+TeB4zUES":{"chainKey":{"counter":0,"key":"tepQRSDcFNzgVWGcL6JrWRXE9MHZqJdTRlR691Ap/PQ="},"chainType":2,"messageKeys":{}},"BYPubB5vdzZ1Eu90s5tQLi+8Q5g6qw/yCAHHAWJdO61m":{"chainKey":{"counter":-1,"key":"Bic7dpJ+4Y7Ew95VTRm7if3kQ3Hnjr3i3sf806pkK1E="},"chainType":1,"messageKeys":{}}}}},"version":"v1"}