{"_sessions":{"BQ2inldb0KPqEv8RMiutVT7qrxtTySwc2+gjgCF/u9Iz":{"registrationId":1883650579,"currentRatchet":{"ephemeralKeyPair":{"pubKey":"Bbq1cXBLpr2B+ByKFXP6NGn6dpoXCPqM/CzKjEBagPwb","privKey":"GPzeeTDQ5K7YjuRqLrlP4DDdAAa4MnL81Ohw9saDTlc="},"lastRemoteEphemeralKey":"BUprRZZ1jiFCTXjZPBRSB4U15NmAKUEte63TBONaNlFG","previousCounter":0,"rootKey":"dkr5ldOEER8wMq4GD8Bi2+cVKKpA8HmuvhiLnIiHB4c="},"indexInfo":{"baseKey":"BQ2inldb0KPqEv8RMiutVT7qrxtTySwc2+gjgCF/u9Iz","baseKeyType":2,"closed":-1,"used":1742492303064,"created":1742492303064,"remoteIdentityKey":"BTek0d8PE827anY05lTGQOgjsza3LJDeXi17W+XLw/w+"},"_chains":{"BUprRZZ1jiFCTXjZPBRSB4U15NmAKUEte63TBONaNlFG":{"chainKey":{"counter":0,"key":"9YlPQjP+EEhdbvzj8p9uR7G6BfqORaNYqalQFIiZbZw="},"chainType":2,"messageKeys":{}},"Bbq1cXBLpr2B+ByKFXP6NGn6dpoXCPqM/CzKjEBagPwb":{"chainKey":{"counter":-1,"key":"dYKgV5Fz+OapMoIgWunMABS4BoAvGW/jbhXpusAM98k="},"chainType":1,"messageKeys":{}}}}},"version":"v1"}