{"_sessions":{"BXeKGbyH76CABXaoSWC86pX9aLW6468F9yxHbdQzxZhB":{"registrationId":1668758908,"currentRatchet":{"ephemeralKeyPair":{"pubKey":"BfAKp2TTTeADYbofBRve97qJ/PA/YbG+OANDglkzb/F2","privKey":"MEziIoqjAO3Op/xEOk8YJynpgQfDGRzaKXgMZHrfgFc="},"lastRemoteEphemeralKey":"BZKB4HhWzcGtoUdnSEY3QMMyKUMeRfA+yh6yEVGHygRv","previousCounter":0,"rootKey":"xJPTxlvglsbYrQpWEWV0x1DwwNMLNCex4k8gZ42Lq60="},"indexInfo":{"baseKey":"BXeKGbyH76CABXaoSWC86pX9aLW6468F9yxHbdQzxZhB","baseKeyType":1,"closed":-1,"used":1742490563802,"created":1742490563802,"remoteIdentityKey":"BfO/efAHD8FJ9kSwWXsB3HryopbVQnOImQbeJSoMDBZX"},"_chains":{"BfAKp2TTTeADYbofBRve97qJ/PA/YbG+OANDglkzb/F2":{"chainKey":{"counter":0,"key":"/vfLC3rl1P9l6a6HYLdhlea8yNlxn84fH0JKc91WBAw="},"chainType":1,"messageKeys":{}}},"pendingPreKey":{"signedKeyId":23,"baseKey":"BXeKGbyH76CABXaoSWC86pX9aLW6468F9yxHbdQzxZhB","preKeyId":11545120}}},"version":"v1"}