{"_sessions":{"BY+R+9UJWSe7CHO1nsXriZzHEZOkFX4+4LnH1v/hV+AS":{"registrationId":1456575534,"currentRatchet":{"ephemeralKeyPair":{"pubKey":"BR3y0rHZFALdW/XRk28kF+io0GHL5fHJGJqbVRpc/6sv","privKey":"sB7dHI7ZSXbVDT6tozo9zwzYnMoS16ExcMMp48N5GUQ="},"lastRemoteEphemeralKey":"Be4w1RqW6zo4ArdhTYARR+mooyO+/Uqh/h3KeOHiUa1y","previousCounter":0,"rootKey":"KPIYV39N0Va2dBKiW444yUX07QGB48oOc/FT6Q04vNY="},"indexInfo":{"baseKey":"BY+R+9UJWSe7CHO1nsXriZzHEZOkFX4+4LnH1v/hV+AS","baseKeyType":1,"closed":-1,"used":1742490563976,"created":1742490563976,"remoteIdentityKey":"BREoz7LYb8KFguDeqlZGltdOmLA5Wt3kvnmeNjYjSgNe"},"_chains":{"BR3y0rHZFALdW/XRk28kF+io0GHL5fHJGJqbVRpc/6sv":{"chainKey":{"counter":0,"key":"gqJg4qkH67kXEeV0pDZc1/ILvQXJ0+nfy4iIXcLwrAg="},"chainType":1,"messageKeys":{}}},"pendingPreKey":{"signedKeyId":2,"baseKey":"BY+R+9UJWSe7CHO1nsXriZzHEZOkFX4+4LnH1v/hV+AS","preKeyId":5933715}}},"version":"v1"}