{"_sessions":{"BYwck4dPSkg3eUPLZHGgq/j/jUpmp4QvlvOouC+2xJkQ":{"registrationId":1639839341,"currentRatchet":{"ephemeralKeyPair":{"pubKey":"BW5iwQJESnqCrcSSX2wpRVNykbuks69wh+ZbQVN87SBN","privKey":"sNUpwiN/A6R0EDaqFhLQDwj/cjvI2D5mpTQZGF+xZUQ="},"lastRemoteEphemeralKey":"BX37uqnQDurdpK0HWTLcS24CCz87J58/xNgfR8n8LZEf","previousCounter":0,"rootKey":"wEj29nEj8L2oiM7XeLN3p5FeCcmtxsKZ/3LWn5lSoDg="},"indexInfo":{"baseKey":"BYwck4dPSkg3eUPLZHGgq/j/jUpmp4QvlvOouC+2xJkQ","baseKeyType":2,"closed":-1,"used":1742491420401,"created":1742491420401,"remoteIdentityKey":"BTb44O6laGVvBqSfOEy/KAnGCGolyYi5UhIaHBewWW8D"},"_chains":{"BX37uqnQDurdpK0HWTLcS24CCz87J58/xNgfR8n8LZEf":{"chainKey":{"counter":1,"key":"NWFFi8UXM4aoEeMvwAxerek7U5jvklhjrA+m/BV9ixk="},"chainType":2,"messageKeys":{}},"BW5iwQJESnqCrcSSX2wpRVNykbuks69wh+ZbQVN87SBN":{"chainKey":{"counter":-1,"key":"CQPDBEhZ7BGM7M16VZW+Zsq6aDlk1iVkV6U5Dr2N3HM="},"chainType":1,"messageKeys":{}}}}},"version":"v1"}