{"_sessions":{"BdH6UHHQpu4+ndvTe4EDORv4O6oadcTadYszr2GjhFB8":{"registrationId":496958383,"currentRatchet":{"ephemeralKeyPair":{"pubKey":"BY+tEaWpBH1HZqTCxjkBRZDMiDlOoGLjLKJTuGpS/K1k","privKey":"8IFIKqmedvCjbzhfTj3EwUsEIFZjNLQKcEGzIZ5ie1A="},"lastRemoteEphemeralKey":"BR7n82oxW1aIjx+UaS9L+MHk3USl8yTswqZV14t4oIR4","previousCounter":0,"rootKey":"aMZuEgaiIMmzDKYrWzF4e4tNVKOcmFvwgjhQo4+tS9Y="},"indexInfo":{"baseKey":"BdH6UHHQpu4+ndvTe4EDORv4O6oadcTadYszr2GjhFB8","baseKeyType":1,"closed":-1,"used":1742490564614,"created":1742490564614,"remoteIdentityKey":"BRYhO8BwkRVsfZItFrxhYb/Mqxs+nOGtak+pGSML7lR8"},"_chains":{"BY+tEaWpBH1HZqTCxjkBRZDMiDlOoGLjLKJTuGpS/K1k":{"chainKey":{"counter":0,"key":"UlVcXZRNsb2H8c2jwp9/zcUNkr//VBgInhZVlz9wsBs="},"chainType":1,"messageKeys":{}}},"pendingPreKey":{"signedKeyId":5,"baseKey":"BdH6UHHQpu4+ndvTe4EDORv4O6oadcTadYszr2GjhFB8","preKeyId":9330380}}},"version":"v1"}