{"_sessions":{"Bc3vJtm2CcjXuPMwFb8iZTl3Mh47xEnN3X5sT9HwQnkC":{"registrationId":764827203,"currentRatchet":{"ephemeralKeyPair":{"pubKey":"BZ2sYR53EVcAh8qk2LeD6KR3qZK0+yHPx8TqcfzpZb0B","privKey":"oCPjNjoNCL+0tjEiKvUi0KK22Qn3FRerHiqe/hDRbEg="},"lastRemoteEphemeralKey":"BW+Ir+IfU0csn9O/Tf4QxgOgWOsDFxU1o2xmxlje/fBW","previousCounter":0,"rootKey":"acwcLMlDQFNS32ewrmVwTp8+tezomnrpQNAbGMC75C8="},"indexInfo":{"baseKey":"Bc3vJtm2CcjXuPMwFb8iZTl3Mh47xEnN3X5sT9HwQnkC","baseKeyType":2,"closed":-1,"used":1742492301214,"created":1742492301214,"remoteIdentityKey":"BTmgeXQMbyutkwu59soNC2UgO3B6VLzYxe9bpp9zgCcX"},"_chains":{"BW+Ir+IfU0csn9O/Tf4QxgOgWOsDFxU1o2xmxlje/fBW":{"chainKey":{"counter":1,"key":"3xLHjmIHzqlXnoFtHCmTx6Q+d++TX40uVxRlvOKP/us="},"chainType":2,"messageKeys":{}},"BZ2sYR53EVcAh8qk2LeD6KR3qZK0+yHPx8TqcfzpZb0B":{"chainKey":{"counter":-1,"key":"2skYEkHw/luRBnLbkpIb9lO6tzfGQ6rdRIhTCuI+yAI="},"chainType":1,"messageKeys":{}}}}},"version":"v1"}