{"_sessions":{"BW0KthQsnrNUKkrbygwvupkyjQwtt1ou8/tWrwu1ZQ4+":{"registrationId":1300248365,"currentRatchet":{"ephemeralKeyPair":{"pubKey":"BXfxrYRUqPnKrEMySEPILqGrWUGk2+9bZudwhc11EU9Q","privKey":"cHSo8Qa35Mg+nXn4P0qiIIZ0IGSOecHzPoiNqU13pkI="},"lastRemoteEphemeralKey":"BcHjlPhSFsuTwirhQoONYVh5AS9sPXZhq6GhjnqA92A6","previousCounter":0,"rootKey":"WTo6mJx5g8u6nVaSgY9idb0wSWUTNpHmdnC2N1ZKeP8="},"indexInfo":{"baseKey":"BW0KthQsnrNUKkrbygwvupkyjQwtt1ou8/tWrwu1ZQ4+","baseKeyType":2,"closed":1742492872244,"used":1742492870975,"created":1742492870975,"remoteIdentityKey":"BQ3X4ZbaCv+myW3j5pDDKXXpCnQlojBQxS5ZaA6h8fMS"},"_chains":{"BcHjlPhSFsuTwirhQoONYVh5AS9sPXZhq6GhjnqA92A6":{"chainKey":{"counter":0,"key":"l05uHmPzR3xEfiP8nVQpnwgg9OEYz4VylXwC9bXAkCQ="},"chainType":2,"messageKeys":{}},"BXfxrYRUqPnKrEMySEPILqGrWUGk2+9bZudwhc11EU9Q":{"chainKey":{"counter":-1,"key":"7Tw6AHOiTuDhMjFZUsnFBap/PA9x/3qrTokHFfl+dnI="},"chainType":1,"messageKeys":{}}}},"BX/bYGSvDgmnDMGDa5jWj3rWDPDtqrGaGtE93m/lRwFC":{"registrationId":1300248365,"currentRatchet":{"ephemeralKeyPair":{"pubKey":"BfFELBye7gDTelMONuHM61diqwNzGluzLqr/QDUjM2Zh","privKey":"WFELZ4lT8Y7AMVg+CalqSnJmm8d2jiMXK1ZfTyD9aUQ="},"lastRemoteEphemeralKey":"BcMBbbyl9LnHCnFxLv2RQpuG1jdG2Dz3XCICOsUikvp8","previousCounter":0,"rootKey":"J6NW4VVbRadqGybAr/BHXKb+DvtvV0jE4y+qBuDCNXM="},"indexInfo":{"baseKey":"BX/bYGSvDgmnDMGDa5jWj3rWDPDtqrGaGtE93m/lRwFC","baseKeyType":2,"closed":-1,"used":1742492872247,"created":1742492872247,"remoteIdentityKey":"BQ3X4ZbaCv+myW3j5pDDKXXpCnQlojBQxS5ZaA6h8fMS"},"_chains":{"BcMBbbyl9LnHCnFxLv2RQpuG1jdG2Dz3XCICOsUikvp8":{"chainKey":{"counter":1,"key":"Em/S1a3lkeuwNUKGKSFNtaXUIEf/07JjniKoUIw+bMM="},"chainType":2,"messageKeys":{}},"BfFELBye7gDTelMONuHM61diqwNzGluzLqr/QDUjM2Zh":{"chainKey":{"counter":-1,"key":"N3mTAW6w+zCvLG3nzVaE7zICHt90GSB17hFSQ/aLDhE="},"chainType":1,"messageKeys":{}}}}},"version":"v1"}