{"_sessions":{"BUuxYCWc1ZY8zKdES2RKEDrNgOGrJP8xc8aIbgtR/lNh":{"registrationId":1598397749,"currentRatchet":{"ephemeralKeyPair":{"pubKey":"BSqOpCxb6jFKlMPY7X+x46k9H7Aan7rP2q97lv4v2Otb","privKey":"ICHF7yV+0EMtroe8vGZBF5BGNrFHqeVkB9ITzYR/xFs="},"lastRemoteEphemeralKey":"BdggbN7flhiK0/n3D37ClBbIVpD0zFpf8Ge77VtMsfJt","previousCounter":0,"rootKey":"cXwR1sEDUpqWSkwaXogl9hZM1jX8sttMyrG88Oxje0M="},"indexInfo":{"baseKey":"BUuxYCWc1ZY8zKdES2RKEDrNgOGrJP8xc8aIbgtR/lNh","baseKeyType":1,"closed":-1,"used":1742490564401,"created":1742490564401,"remoteIdentityKey":"BQAH5gWi8JwQdjt6MM0LNdIsCBIUt8gMfz5n06eZTgpz"},"_chains":{"BSqOpCxb6jFKlMPY7X+x46k9H7Aan7rP2q97lv4v2Otb":{"chainKey":{"counter":0,"key":"TKx5mJ+gz5U4sUz7cDyW/LwmJUgOkXWjwVky9TYGyu0="},"chainType":1,"messageKeys":{}}},"pendingPreKey":{"signedKeyId":2,"baseKey":"BUuxYCWc1ZY8zKdES2RKEDrNgOGrJP8xc8aIbgtR/lNh","preKeyId":4125967}}},"version":"v1"}