{"_sessions":{"BYPWJXB5WIU2mEHtiT70TDsWI8ATl6DxDYA2LfaKZWVu":{"registrationId":192592500,"currentRatchet":{"ephemeralKeyPair":{"pubKey":"BTZ2D5Yyx7zaOU2xQVIUXNuEz9B7YVyountn62XT57tZ","privKey":"+PiVy3RrdlFW0MlJRqikROC+TKa8CiHzMgZ0kah+4Gc="},"lastRemoteEphemeralKey":"BRA5Su/WuWz9GoSiSHt/6tPS8+MMF4fFUMT1O0pwzY59","previousCounter":0,"rootKey":"D2iB49fm9Ze5D1PH+dtXPdzkWCa9/d69HVPhNjvhMeE="},"indexInfo":{"baseKey":"BYPWJXB5WIU2mEHtiT70TDsWI8ATl6DxDYA2LfaKZWVu","baseKeyType":1,"closed":-1,"used":1742490564090,"created":1742490564090,"remoteIdentityKey":"BUQPbI1ZsDWUJjkO8zkKJmSW0nsZ87AqUoQe7H2TnlpM"},"_chains":{"BTZ2D5Yyx7zaOU2xQVIUXNuEz9B7YVyountn62XT57tZ":{"chainKey":{"counter":0,"key":"YqXAsm2HphDvqSdX0mUKMSQGRoD2W0JSdWHzWxRciuQ="},"chainType":1,"messageKeys":{}}},"pendingPreKey":{"signedKeyId":7,"baseKey":"BYPWJXB5WIU2mEHtiT70TDsWI8ATl6DxDYA2LfaKZWVu","preKeyId":13298223}}},"version":"v1"}