{"_sessions":{"BYxvBhg0gPwVWkt4PE3Yl5X2hAxdONNoaQcR09CdxB01":{"registrationId":1166160560,"currentRatchet":{"ephemeralKeyPair":{"pubKey":"BUj2JBXlqWhcPl05rNZP6idDO5h9N99H46zatE2Xa7pZ","privKey":"ICSRF3RZozeL69u/l9AHyWjNWCMUHx9Cg9DtbU2B3Fk="},"lastRemoteEphemeralKey":"BQ+7hl7TgZjsgzrlsB2dWx4V7IOjC3an3fZFBFDpZtYr","previousCounter":0,"rootKey":"c9v0uAzRrujWDASdEUyn4ByFK+R2nUEEaFqCIVQZIfg="},"indexInfo":{"baseKey":"BYxvBhg0gPwVWkt4PE3Yl5X2hAxdONNoaQcR09CdxB01","baseKeyType":1,"closed":-1,"used":1742490563868,"created":1742490563868,"remoteIdentityKey":"BfVZX3B/BYK/y6fRu1ddsYoHshWUOmJS8+GTU99BS6px"},"_chains":{"BUj2JBXlqWhcPl05rNZP6idDO5h9N99H46zatE2Xa7pZ":{"chainKey":{"counter":0,"key":"t+6UK6N4NjKeqzkCiSUFKEKRH9uEdORUn6ulAqWFFq0="},"chainType":1,"messageKeys":{}}},"pendingPreKey":{"signedKeyId":0,"baseKey":"BYxvBhg0gPwVWkt4PE3Yl5X2hAxdONNoaQcR09CdxB01"}}},"version":"v1"}