{"_sessions":{"BfZ63XOET8Us+88rskIAICD2ZS4gSUaih1IKtrswj2Af":{"registrationId":1506490108,"currentRatchet":{"ephemeralKeyPair":{"pubKey":"BUxh6EGWUh5IVU3yD48OXTNwVbtSgMwMwswhjoBjqHsY","privKey":"WJmHblkgJ2pPTQtWO3P52mLa2suRJjeSKBx5+BPsuVQ="},"lastRemoteEphemeralKey":"BcarKb6HFcRK83wQnKhtcWRgegEkoWzEX3B/uTZfPDZe","previousCounter":0,"rootKey":"alPexkJ/3g4vUeJM6giQceOHlPdXK4LteUQvPa59Z0k="},"indexInfo":{"baseKey":"BfZ63XOET8Us+88rskIAICD2ZS4gSUaih1IKtrswj2Af","baseKeyType":1,"closed":-1,"used":1742490564386,"created":1742490564386,"remoteIdentityKey":"BTkZe/tNtIt/VR+M8TnILkyrnwR173VTEkvib9YrRPZ8"},"_chains":{"BUxh6EGWUh5IVU3yD48OXTNwVbtSgMwMwswhjoBjqHsY":{"chainKey":{"counter":0,"key":"/RMDum3+iiBC92p4QtTBMizbkMyoR1RawaPfDIseyck="},"chainType":1,"messageKeys":{}}},"pendingPreKey":{"signedKeyId":0,"baseKey":"BfZ63XOET8Us+88rskIAICD2ZS4gSUaih1IKtrswj2Af","preKeyId":13677698}}},"version":"v1"}