{"_sessions":{"Bfbq5Z9tFsRmckZmPaOIeitdWpF/Hexq20fc1DNFvxNv":{"registrationId":1797313330,"currentRatchet":{"ephemeralKeyPair":{"pubKey":"BYzNCQZmJNmPeyXFJgTs6HRUvXu2DC5CbaKMWX2nZER8","privKey":"oL/vPwO/DtBKYiwV31xiGcPfGNWAIC99dy9y9+xKpVM="},"lastRemoteEphemeralKey":"BeGwHAj+QPIWwreAVEEvM3zmVOGixJHDzUbWlPYTfBAF","previousCounter":0,"rootKey":"vbDLEMIH+TKYOqgLDWRdFSYEcSrMeDcobg45TvPb+XI="},"indexInfo":{"baseKey":"Bfbq5Z9tFsRmckZmPaOIeitdWpF/Hexq20fc1DNFvxNv","baseKeyType":1,"closed":-1,"used":1742490564074,"created":1742490564074,"remoteIdentityKey":"BbVM/Pn1HJ9l6LMy7mKnYaB6FhKzIUqUVsRXQFHqQ9AU"},"_chains":{"BYzNCQZmJNmPeyXFJgTs6HRUvXu2DC5CbaKMWX2nZER8":{"chainKey":{"counter":0,"key":"4ZbmZTYShjyMeHuVpvKKCdyJ5JvycrkvhEickVN3NsM="},"chainType":1,"messageKeys":{}}},"pendingPreKey":{"signedKeyId":13,"baseKey":"Bfbq5Z9tFsRmckZmPaOIeitdWpF/Hexq20fc1DNFvxNv","preKeyId":56468}}},"version":"v1"}