{"_sessions":{"BSQ1HjSTk4coFWpDyaFOQzRdlvA39z8oCSizX/zaUxom":{"registrationId":1390318458,"currentRatchet":{"ephemeralKeyPair":{"pubKey":"BWGoNKAVCyOZ/gDnxfA2i5nxx7Mju5ZA/IIzscoBg8Fx","privKey":"kMYlwGWkbxYsFmd3W+inTa+bbgccCn03EJvwne1UF3s="},"lastRemoteEphemeralKey":"BaDl0CZSpYaJMQbwd4MBKItodPqJlS4R72zF3ZKw0AYK","previousCounter":0,"rootKey":"OtyQKt8NePVcIAcDWukiwsDTYUJtYrA2FovvU+dGyz0="},"indexInfo":{"baseKey":"BSQ1HjSTk4coFWpDyaFOQzRdlvA39z8oCSizX/zaUxom","baseKeyType":1,"closed":-1,"used":1742490564512,"created":1742490564512,"remoteIdentityKey":"Bc/0bsi9+UaHy1WoWy5UOaCd5QfscDH/8Lb/YzDNxow+"},"_chains":{"BWGoNKAVCyOZ/gDnxfA2i5nxx7Mju5ZA/IIzscoBg8Fx":{"chainKey":{"counter":0,"key":"JnBXSQTkDxqZIAtc/EbhwYJ3BVrKZkfmjmbzU25LJeo="},"chainType":1,"messageKeys":{}}},"pendingPreKey":{"signedKeyId":4,"baseKey":"BSQ1HjSTk4coFWpDyaFOQzRdlvA39z8oCSizX/zaUxom","preKeyId":12013296}}},"version":"v1"}