{"_sessions":{"BduVq7hDjQelxFIjIA5YG8s/uFBv1N8aiQToyfB2KpEn":{"registrationId":65131294,"currentRatchet":{"ephemeralKeyPair":{"pubKey":"BSR7r5hqDvcTQCy54XZra85j/029KG38iD1dzzcjr4NQ","privKey":"iJkYdtypwxjOZfuUe2NPxuPX6JTEmHQwQZhOSCC2jUk="},"lastRemoteEphemeralKey":"BVYHLzJpcEqN1jrL5sz9vEOs2aXVqI2Hz8fWFLt+loZX","previousCounter":0,"rootKey":"H3UCrTy6341cjt8YJC1TVszxshVFlG2Eu07BRuc8yVw="},"indexInfo":{"baseKey":"BduVq7hDjQelxFIjIA5YG8s/uFBv1N8aiQToyfB2KpEn","baseKeyType":2,"closed":-1,"used":1742493426386,"created":1742493426386,"remoteIdentityKey":"BR1ecny0Mlw6GR1s1pr7uCcTxLQP5h51UJXogsQO4hVg"},"_chains":{"BVYHLzJpcEqN1jrL5sz9vEOs2aXVqI2Hz8fWFLt+loZX":{"chainKey":{"counter":3,"key":"IGrdFKRgobTZHLoi0ftTQaNb1A+aBSgPPZz+LuOPYNA="},"chainType":2,"messageKeys":{}},"BSR7r5hqDvcTQCy54XZra85j/029KG38iD1dzzcjr4NQ":{"chainKey":{"counter":-1,"key":"ZSYPla32ExeHDZKvMS2BVJ/8ti0+FGyqE3qjuZCM89Y="},"chainType":1,"messageKeys":{}}}}},"version":"v1"}