{"_sessions":{"BcA8rXSM2MXoHb1DVhF0aHXS6yH3tHlvJd8LY1mtObUZ":{"registrationId":1517355656,"currentRatchet":{"ephemeralKeyPair":{"pubKey":"BYJLe1JybOPwpFY++9lFdlgAromM606//7XOcuWGHI45","privKey":"sFNuGE74RNtUdrD0+CYa8Rqi9DfEKt8IjNWGHZnrMUQ="},"lastRemoteEphemeralKey":"BfVFunxUP0chdm/j6z9CMfZSkNaM6eyXMSmMCHdkA9EY","previousCounter":0,"rootKey":"hdV4lMptFThuh3SCy3sNcs1cTBn7M90HmM/pJYWqujM="},"indexInfo":{"baseKey":"BcA8rXSM2MXoHb1DVhF0aHXS6yH3tHlvJd8LY1mtObUZ","baseKeyType":1,"closed":-1,"used":1742490563780,"created":1742490563780,"remoteIdentityKey":"BXFu+iMNAD8QfV5CpX/g5WKmN8stZbql5MvIRaGDai5f"},"_chains":{"BYJLe1JybOPwpFY++9lFdlgAromM606//7XOcuWGHI45":{"chainKey":{"counter":0,"key":"/8kU0UPVVI6lZAnzXaSbuSy/KM6mlXZE6hJLzGr9DWc="},"chainType":1,"messageKeys":{}}},"pendingPreKey":{"signedKeyId":0,"baseKey":"BcA8rXSM2MXoHb1DVhF0aHXS6yH3tHlvJd8LY1mtObUZ","preKeyId":8764735}}},"version":"v1"}