{"_sessions":{"BSfiz3igXC2KFr9eUbWndu0JWz6eRhuT16+/lFJxtJ8P":{"registrationId":914971920,"currentRatchet":{"ephemeralKeyPair":{"pubKey":"BfZwcekdW6ZtclAtuIQjF0zxOpzkqAUE6fjp6QVD609W","privKey":"APJAAs5A47IQkkOUvUyWglg5aaKPW3HeEAMLNY2GwEI="},"lastRemoteEphemeralKey":"BZ/aDciOigf0QaXRKlJEWifXlh3jd5dufgRsIvb68Lxp","previousCounter":0,"rootKey":"mo/lY76u6uELbgYU20aLb0mvehR16SwcrOj7KWZ05d8="},"indexInfo":{"baseKey":"BSfiz3igXC2KFr9eUbWndu0JWz6eRhuT16+/lFJxtJ8P","baseKeyType":1,"closed":-1,"used":1742490563982,"created":1742490563982,"remoteIdentityKey":"BaZ2TU3DwNYa90MCCIg8ehlVNyw2oowquOGDqqxrgw4N"},"_chains":{"BfZwcekdW6ZtclAtuIQjF0zxOpzkqAUE6fjp6QVD609W":{"chainKey":{"counter":0,"key":"IiJDiZ6cnGASsbaCfDm+ffayBsY/xdF/OIcZDWRTrlg="},"chainType":1,"messageKeys":{}}},"pendingPreKey":{"signedKeyId":2,"baseKey":"BSfiz3igXC2KFr9eUbWndu0JWz6eRhuT16+/lFJxtJ8P","preKeyId":16315199}}},"version":"v1"}