{"_sessions":{"BeejePZbzxEumn+yTk3sMxP30VHt8ZCWBLOPXfVv2lhN":{"registrationId":494537171,"currentRatchet":{"ephemeralKeyPair":{"pubKey":"BUGa0IvrlE8bfES8Rt4uzVoij8mx0z/YA5y3CXRYundI","privKey":"mOf9wJ1i+T1Vvn2os8l8FJ6NRV/juGs9x8vRzNVG+UQ="},"lastRemoteEphemeralKey":"BVlHX+4a4J6EU7Pv6xXvjrl89DK19DZZ0Po9OhoMwVt1","previousCounter":0,"rootKey":"EEMDRNuNRaQgpnH4RY6TQNVSqcSUf76M2nGWzrLtsSE="},"indexInfo":{"baseKey":"BeejePZbzxEumn+yTk3sMxP30VHt8ZCWBLOPXfVv2lhN","baseKeyType":1,"closed":-1,"used":1742490564284,"created":1742490564284,"remoteIdentityKey":"BQ7ksZmlHWVbf+MP2fSHKMQVJjJKUtb5PdyRnggyfxk9"},"_chains":{"BUGa0IvrlE8bfES8Rt4uzVoij8mx0z/YA5y3CXRYundI":{"chainKey":{"counter":0,"key":"3F7HiBic2F+6jSc43T/Fjt6H9D8m5I5hH1ji99FIva0="},"chainType":1,"messageKeys":{}}},"pendingPreKey":{"signedKeyId":6,"baseKey":"BeejePZbzxEumn+yTk3sMxP30VHt8ZCWBLOPXfVv2lhN","preKeyId":4031243}}},"version":"v1"}