{"_sessions":{"BWOdOHd9mQiOtfbdM1LH+o8AaSiJRP8uJSObJ2vq9Roc":{"registrationId":1711640747,"currentRatchet":{"ephemeralKeyPair":{"pubKey":"BXLtc8YxezBcm3ah15eExjxsvH7w6pv5DGUMwWE8M9ET","privKey":"OF4OYC/n6qRfEsfL0DjKVWaA6JiQSrT+b89XQcq7MXc="},"lastRemoteEphemeralKey":"BfDmUO5UBMYQuphETo7a3Jqj3EiXbOmOMQgHCB+kBWNM","previousCounter":0,"rootKey":"IbmDxUfCKcdcuUymwO+IDrkcDcesDV93BCEHkqRqBbk="},"indexInfo":{"baseKey":"BWOdOHd9mQiOtfbdM1LH+o8AaSiJRP8uJSObJ2vq9Roc","baseKeyType":1,"closed":-1,"used":1742490564173,"created":1742490564173,"remoteIdentityKey":"BdHPH55Q7+aIErV9iJtHkX0cLtywxyDE4qAxMKMbP60u"},"_chains":{"BXLtc8YxezBcm3ah15eExjxsvH7w6pv5DGUMwWE8M9ET":{"chainKey":{"counter":0,"key":"hpjUseFpowF6mx5ThXS7VcSG079z68JGxIwdCO5y+VA="},"chainType":1,"messageKeys":{}}},"pendingPreKey":{"signedKeyId":6,"baseKey":"BWOdOHd9mQiOtfbdM1LH+o8AaSiJRP8uJSObJ2vq9Roc","preKeyId":7311521}}},"version":"v1"}