{"_sessions":{"BRJbyBIaE3HQYeEMpHmSdKj5lgpAhiADmxZw3NwqAoAd":{"registrationId":675263241,"currentRatchet":{"ephemeralKeyPair":{"pubKey":"BYhLfjDNq3m19aqolj2+F7hwzQsUxdwto9pfvlVL268I","privKey":"ODYdvguoCsf443gvjIaZHELR80uXJ+28GPINd3fIRnQ="},"lastRemoteEphemeralKey":"BXQ/X9Jwmy1sg/ldKho18P5Bp1OJwdBz8eOVuGV6ChMq","previousCounter":0,"rootKey":"10apextLkc55NjoX4/JoknV8HBsc9U2RtpPWyXXU6dY="},"indexInfo":{"baseKey":"BRJbyBIaE3HQYeEMpHmSdKj5lgpAhiADmxZw3NwqAoAd","baseKeyType":1,"closed":-1,"used":1742490564585,"created":1742490564585,"remoteIdentityKey":"BRS/ULOgvxNGEyNohgPEmUFXeFErsBLC4PsTe5++4LQb"},"_chains":{"BYhLfjDNq3m19aqolj2+F7hwzQsUxdwto9pfvlVL268I":{"chainKey":{"counter":0,"key":"v4oPhanlBjgy2kdwpHEb+ljE6+rVT6T0RittHzjuQHY="},"chainType":1,"messageKeys":{}}},"pendingPreKey":{"signedKeyId":1,"baseKey":"BRJbyBIaE3HQYeEMpHmSdKj5lgpAhiADmxZw3NwqAoAd","preKeyId":12811628}}},"version":"v1"}