{"_sessions":{"BePVEwD2pZtOvhXYHPYw248sPP9NZpFrh3T997d2+Gx0":{"registrationId":339714013,"currentRatchet":{"ephemeralKeyPair":{"pubKey":"BQ+Y6DR2KzrJ/1FgOvD9OxLCV8SouThBHK6gFtmisnF7","privKey":"mFADqKTZPrWgc+Rs3Hc0URSzsUT+KsZTi5T3qzsX+2c="},"lastRemoteEphemeralKey":"BbtSVqPfE/CGcfJCOqwb2sIOluUs/c3ffGLbo84XFzdq","previousCounter":0,"rootKey":"Dns6WByClZeOtJdBMEZQOVWrSAqqHoOgAo1uh2TUG/A="},"indexInfo":{"baseKey":"BePVEwD2pZtOvhXYHPYw248sPP9NZpFrh3T997d2+Gx0","baseKeyType":2,"closed":-1,"used":1742491420694,"created":1742491420694,"remoteIdentityKey":"BTeRqxqq0FeHFRznCbFlYB7D7ntCib/9NdZoNS5eM2g4"},"_chains":{"BbtSVqPfE/CGcfJCOqwb2sIOluUs/c3ffGLbo84XFzdq":{"chainKey":{"counter":1,"key":"bB1tDiWOWqSROa+HtO5R+TAQ5V2c7wy/ATjgIUAeNz4="},"chainType":2,"messageKeys":{}},"BQ+Y6DR2KzrJ/1FgOvD9OxLCV8SouThBHK6gFtmisnF7":{"chainKey":{"counter":-1,"key":"jdsrYTrGMFJT6zhg7GOffO2ZUsSTp1+VjGAh0B22Ll4="},"chainType":1,"messageKeys":{}}}}},"version":"v1"}