{"_sessions":{"BTC0B/k4lqi0Hf1skiyJ0e8Ue9wWXNzWdSxhO/vsiSJG":{"registrationId":1159634781,"currentRatchet":{"ephemeralKeyPair":{"pubKey":"Bfu4AsLsezjotBeiWnM3PKVe1LSosGW3mEVLIkBfN0Md","privKey":"YAZbpco2rY2dGG2PrGVFNUwTucu+yRh6FZC1l9rVe3U="},"lastRemoteEphemeralKey":"BZCzlwQmjdshb3jt6L8S4igVbzEU4kltAeyeJc6O5eUz","previousCounter":0,"rootKey":"Vs749tB6Mw/ZTCU9ILwXvDNc11pmjStDkgtZG3Z7x/U="},"indexInfo":{"baseKey":"BTC0B/k4lqi0Hf1skiyJ0e8Ue9wWXNzWdSxhO/vsiSJG","baseKeyType":1,"closed":-1,"used":1742490564106,"created":1742490564106,"remoteIdentityKey":"BS2U4sVdv9xO0x13Nes1LWIYH8bIt3TeLqTWZkEMMdk5"},"_chains":{"Bfu4AsLsezjotBeiWnM3PKVe1LSosGW3mEVLIkBfN0Md":{"chainKey":{"counter":0,"key":"m/RdHzHn3oPknjPl/3zuFLr6+DKdbojrmabGmYD97n0="},"chainType":1,"messageKeys":{}}},"pendingPreKey":{"signedKeyId":1,"baseKey":"BTC0B/k4lqi0Hf1skiyJ0e8Ue9wWXNzWdSxhO/vsiSJG","preKeyId":7610304}}},"version":"v1"}