{"_sessions":{"BfT6YXvH/8mw5Zr+fxc6S5QExpIfNS13VXUCku2B+pwY":{"registrationId":1159904751,"currentRatchet":{"ephemeralKeyPair":{"pubKey":"BWRm/Jd2oCOoAEqzlfxM+/kOAzHQ4+lCmEPsRNdr7NwL","privKey":"mPTTK7hP3PJwhscMuPl97r9JJZ2lOunZlXgi/oSKPFw="},"lastRemoteEphemeralKey":"BT2xuhAd4VzWlmPIXDNKFzyTnbQ6CW/8QVuEEjW9vmc4","previousCounter":0,"rootKey":"dfV+gdziuyeaQ2SJW1c40w/MApSInPq6t+OPnH6gd2c="},"indexInfo":{"baseKey":"BfT6YXvH/8mw5Zr+fxc6S5QExpIfNS13VXUCku2B+pwY","baseKeyType":1,"closed":-1,"used":1742490564084,"created":1742490564084,"remoteIdentityKey":"BcRCisbVGMHllWO8cIWmjC1Ue0o8VD2a20xEgrLUGl5G"},"_chains":{"BWRm/Jd2oCOoAEqzlfxM+/kOAzHQ4+lCmEPsRNdr7NwL":{"chainKey":{"counter":0,"key":"vwr+ghAUAugLzWrtSKgXCZ1vimPP6t3ld94NSH6W+yc="},"chainType":1,"messageKeys":{}}},"pendingPreKey":{"signedKeyId":8,"baseKey":"BfT6YXvH/8mw5Zr+fxc6S5QExpIfNS13VXUCku2B+pwY","preKeyId":6188208}}},"version":"v1"}