{"_sessions":{"BYanNrzTMnNGdJWJd6U+t9MM4qn56maiQHmbt2leES10":{"registrationId":8502516,"currentRatchet":{"ephemeralKeyPair":{"pubKey":"BeuLU4+XAf8s5LISYudzKM5NLLIKMUBwIkUB2oEf2Ys5","privKey":"iA2i1cdELSSQ1M3B8zHqhf/OMObVLNsIPnrf7nfwnXg="},"lastRemoteEphemeralKey":"BbjYvF6EX1E4faVL0sDV3E4NiHqPMMTmmWYH8/BTXpg2","previousCounter":0,"rootKey":"J2B2NOPCU8koI16ORg66c68SNoBa5Dn1VkxLZsNKaLc="},"indexInfo":{"baseKey":"BYanNrzTMnNGdJWJd6U+t9MM4qn56maiQHmbt2leES10","baseKeyType":1,"closed":-1,"used":1742490564115,"created":1742490564115,"remoteIdentityKey":"BQw6W8xQt0ToWt3T74UeIE8JsLwImFQFB6pmmM45zTdq"},"_chains":{"BeuLU4+XAf8s5LISYudzKM5NLLIKMUBwIkUB2oEf2Ys5":{"chainKey":{"counter":0,"key":"SVoo5n3BvYceDZ3noPrxpqGIm8DWaHp6lxpqVdLjLBY="},"chainType":1,"messageKeys":{}}},"pendingPreKey":{"signedKeyId":4,"baseKey":"BYanNrzTMnNGdJWJd6U+t9MM4qn56maiQHmbt2leES10","preKeyId":14912434}}},"version":"v1"}