{"_sessions":{"BZrM7TnQSXR77sGsA9uzUj6KCW2ztFycIdTQ3zG0B7tQ":{"registrationId":1346938348,"currentRatchet":{"ephemeralKeyPair":{"pubKey":"BcpzkNGokYqkJDY4xuNBfjH2tyXA1gU/LdqzxtLADckv","privKey":"oDTnWSBQRa45pfbz1hmcT+G5jquUa3p8ZomVxMvifVE="},"lastRemoteEphemeralKey":"BV0PFyia8X7AGNaGueRs/fveOVO6mGBm5u7fdZEi17cg","previousCounter":0,"rootKey":"bZPSU6kH4dN2baFfcUaAr7znuJQRXQeSw0lqrMwhmKw="},"indexInfo":{"baseKey":"BZrM7TnQSXR77sGsA9uzUj6KCW2ztFycIdTQ3zG0B7tQ","baseKeyType":2,"closed":-1,"used":1742491421112,"created":1742491421112,"remoteIdentityKey":"BZI6b9Id+dt//8+OPl5zXPI0bZB2QQSkS8tFHWt783w3"},"_chains":{"BV0PFyia8X7AGNaGueRs/fveOVO6mGBm5u7fdZEi17cg":{"chainKey":{"counter":0,"key":"1LlaI//lJP883HlahxYQVLEZaJOi3XadqNRogmR2Ak4="},"chainType":2,"messageKeys":{}},"BcpzkNGokYqkJDY4xuNBfjH2tyXA1gU/LdqzxtLADckv":{"chainKey":{"counter":-1,"key":"yvLOgZ1rAzCcdKu1YgfTpWirg51HZp4kDemJHbpOyZ4="},"chainType":1,"messageKeys":{}}}}},"version":"v1"}