{"_sessions":{"BTw7/XQMa6esXU66RRr05EmeNyLrPTrEio+1agaFESUx":{"registrationId":604721453,"currentRatchet":{"ephemeralKeyPair":{"pubKey":"Bc6CjanXLlvHNcvxN8qEk8sLudduEXoxPmPsHm4+b3tJ","privKey":"6HuMNc2jJgwrJ2EUPfOmFsIr4c8Bdq7r5U9xi+B4Knc="},"lastRemoteEphemeralKey":"BWSgAnYzNPHVXUpNg0uPMh28LXjDhOiE79DtWopVG1Fz","previousCounter":0,"rootKey":"LaooSErNSnAvZFmv6BpqQaWsLT4b+3YGpiLWmpP9Dn4="},"indexInfo":{"baseKey":"BTw7/XQMa6esXU66RRr05EmeNyLrPTrEio+1agaFESUx","baseKeyType":2,"closed":-1,"used":1742492301083,"created":1742492301083,"remoteIdentityKey":"BUB3kya/KhrThJqjvVhFArECciQKxjEAn3hW2O6uVi5L"},"_chains":{"BWSgAnYzNPHVXUpNg0uPMh28LXjDhOiE79DtWopVG1Fz":{"chainKey":{"counter":0,"key":"oRoceRPJVwgp+QYl4u3MjD/H+L3ffwCB8VayAkDbe84="},"chainType":2,"messageKeys":{}},"Bc6CjanXLlvHNcvxN8qEk8sLudduEXoxPmPsHm4+b3tJ":{"chainKey":{"counter":-1,"key":"e1EAUtNnIixIbrHIbCI/bLIjx5rP8kpcHPQ4c+OVsSs="},"chainType":1,"messageKeys":{}}}}},"version":"v1"}