{"_sessions":{"BWu/xJvoZamPGvjSbmmBHGHjpF7ymM4Lu3mEhjhII+4Y":{"registrationId":424562809,"currentRatchet":{"ephemeralKeyPair":{"pubKey":"BaUUGaTrlgd5QC83VoiS7F2dw6UvN6x/+WMkgelCbOMn","privKey":"UOqazusUC51ikYdcA1V7fKVVAU+2k6sYDNPkEYwdqUI="},"lastRemoteEphemeralKey":"BTabnULHViPTEDkAkUjYjI/Z8mJ+n7ONNbthLdRezAUj","previousCounter":0,"rootKey":"RY8fmK0KxFyAQjuVUftgsZV9KijIEQpgQ+z7BsRIKNM="},"indexInfo":{"baseKey":"BWu/xJvoZamPGvjSbmmBHGHjpF7ymM4Lu3mEhjhII+4Y","baseKeyType":1,"closed":-1,"used":1742490563878,"created":1742490563878,"remoteIdentityKey":"Bfri693xUcRGKtsuggMBMG+nO2IiXH5ExGz1ioYDYLBS"},"_chains":{"BaUUGaTrlgd5QC83VoiS7F2dw6UvN6x/+WMkgelCbOMn":{"chainKey":{"counter":0,"key":"lbXyyf+MkUC3ZfeqeWTYziSSwApfChbWmVS/R0xVjuI="},"chainType":1,"messageKeys":{}}},"pendingPreKey":{"signedKeyId":18,"baseKey":"BWu/xJvoZamPGvjSbmmBHGHjpF7ymM4Lu3mEhjhII+4Y","preKeyId":409328}}},"version":"v1"}