{"_sessions":{"BXYgA2uGCANv0gDgSG23wAn8o39vEIxkExkMp1gXYd1Q":{"registrationId":1418598325,"currentRatchet":{"ephemeralKeyPair":{"pubKey":"BYnBHcSeGc3Juuzh/Yz/pMYUgnA2lXjqTT9sJ8L6zsos","privKey":"UCwNdYIU/5QNF61IWmue36CXrKNq8ngiGagA4pOnt2I="},"lastRemoteEphemeralKey":"BciTrJrEtkrVyXB19lXsuNmV5V7oBJsgW7LGyTrFXaVb","previousCounter":0,"rootKey":"P0sqAGsZj0M2uksY6y0+mXVrplFCMW/a/ecag/gwLcc="},"indexInfo":{"baseKey":"BXYgA2uGCANv0gDgSG23wAn8o39vEIxkExkMp1gXYd1Q","baseKeyType":1,"closed":-1,"used":1742490564071,"created":1742490564071,"remoteIdentityKey":"Baw80iG5ZNzd8Q6pc1s6WvP0dLBgNEgWk/vfb61gFiwh"},"_chains":{"BYnBHcSeGc3Juuzh/Yz/pMYUgnA2lXjqTT9sJ8L6zsos":{"chainKey":{"counter":0,"key":"euOQafCDHNunJrKT2c/1d2Qa3r4oHSRROGO4PFuHUS4="},"chainType":1,"messageKeys":{}}},"pendingPreKey":{"signedKeyId":3,"baseKey":"BXYgA2uGCANv0gDgSG23wAn8o39vEIxkExkMp1gXYd1Q","preKeyId":13987747}}},"version":"v1"}