{"_sessions":{"BTolsI9a8sA0FTFAChP2wTOulGhYy9ZaSMo0Tb114oVV":{"registrationId":1860253165,"currentRatchet":{"ephemeralKeyPair":{"pubKey":"Bf/uPgZbLImS0ImcFlRfKeFZ90+m0YO1cVZ8V6YBg3sQ","privKey":"eIZfU24TfRN8EOhJ6SpQ4//rcxPBA0E1gE6fPdU+Blg="},"lastRemoteEphemeralKey":"BQCvUhYvwplfEFg66otn3Dn63d1FA6W/rjGxMWsegrhL","previousCounter":0,"rootKey":"cvHXHsbEajZ9Zi2YPlcPCcAYdJbWUEWx+T0O13lCBmM="},"indexInfo":{"baseKey":"BTolsI9a8sA0FTFAChP2wTOulGhYy9ZaSMo0Tb114oVV","baseKeyType":1,"closed":-1,"used":1742490564570,"created":1742490564570,"remoteIdentityKey":"BWiiwrMxALAzIVfl67M0jpfZ2SJGGBQUW+mxC3oOzclF"},"_chains":{"Bf/uPgZbLImS0ImcFlRfKeFZ90+m0YO1cVZ8V6YBg3sQ":{"chainKey":{"counter":0,"key":"6OeCQyazDjVF0T86P62GV0oBk8tZ36r+QkdiBLnh0wo="},"chainType":1,"messageKeys":{}}},"pendingPreKey":{"signedKeyId":7,"baseKey":"BTolsI9a8sA0FTFAChP2wTOulGhYy9ZaSMo0Tb114oVV","preKeyId":11591581}}},"version":"v1"}