{"_sessions":{"BcQIQ5N1/fS0GfbzVe9r98ZTRSX21NaAi+VO6x2N/m59":{"registrationId":1692695844,"currentRatchet":{"ephemeralKeyPair":{"pubKey":"BfB8N+el1YpW6jpGTlOf0WzS6DjEt4HBFkdMvs9Cv0UL","privKey":"wGrLKq2Q3ljR2ChEXz++d6Uqi2jjURfx+k0zS8pkClM="},"lastRemoteEphemeralKey":"BXOqlFqarlvQIqlZbXf7ks/8lU/45x/uCGya0B2zuNxo","previousCounter":0,"rootKey":"ulsQomH0zvNns8o2KPkUnmbEVsxbA2YmB1k2fAkMRMk="},"indexInfo":{"baseKey":"BcQIQ5N1/fS0GfbzVe9r98ZTRSX21NaAi+VO6x2N/m59","baseKeyType":1,"closed":-1,"used":1742490564692,"created":1742490564692,"remoteIdentityKey":"BQBHZlZfkIbhyotBiiiMG1+ggWdPiiLTyNQApbAPbl9g"},"_chains":{"BfB8N+el1YpW6jpGTlOf0WzS6DjEt4HBFkdMvs9Cv0UL":{"chainKey":{"counter":0,"key":"B6iwJ6AXhRgF9bG5bp14hxP/Yhp9HKIFbGTuXHr8/nQ="},"chainType":1,"messageKeys":{}}},"pendingPreKey":{"signedKeyId":3,"baseKey":"BcQIQ5N1/fS0GfbzVe9r98ZTRSX21NaAi+VO6x2N/m59","preKeyId":7138388}}},"version":"v1"}