{"_sessions":{"BY6Br2tax8kpXkRmu7gxcbjwFVkAKRMEJZ1u5dmfFosF":{"registrationId":2045286811,"currentRatchet":{"ephemeralKeyPair":{"pubKey":"Bc0A7vFeiXY06jlZIMzOjQ8VBGgzW67SbATLMgnoU8BQ","privKey":"wMXfNAAZDcu8Z9pyxqcFO/nj0s9Z9uW4QzBB2bvVJWo="},"lastRemoteEphemeralKey":"BVrldGpG5Iylur6qSrhPDdkf6gDu5jbvxdQNdi+gxaov","previousCounter":0,"rootKey":"wmr/c9EYzueb54LfbERH6daGbeNAzQK9OXnCkYCR1RE="},"indexInfo":{"baseKey":"BY6Br2tax8kpXkRmu7gxcbjwFVkAKRMEJZ1u5dmfFosF","baseKeyType":1,"closed":-1,"used":1742490564308,"created":1742490564308,"remoteIdentityKey":"BVIwwSGTn8J4qvGWIfBuIGReq/Rkdvz2DSCpn2vXKJUV"},"_chains":{"Bc0A7vFeiXY06jlZIMzOjQ8VBGgzW67SbATLMgnoU8BQ":{"chainKey":{"counter":0,"key":"eMII5/1N2d1vFiNLV2bjsRgzBlDD8cZN5bfTk7i/Vc8="},"chainType":1,"messageKeys":{}}},"pendingPreKey":{"signedKeyId":27,"baseKey":"BY6Br2tax8kpXkRmu7gxcbjwFVkAKRMEJZ1u5dmfFosF","preKeyId":7329508}}},"version":"v1"}