{"_sessions":{"BdTtcKCXoe0vtuw4Lxnef/eLARyGK3rHOHJlWMWNfwhE":{"registrationId":1545744761,"currentRatchet":{"ephemeralKeyPair":{"pubKey":"BQ9OPQnlbqt49omXGsr652sPEWATxQCP9VhGMeatGLFi","privKey":"uPXfXeDS4VIrbo9GVnt0EMVMKpjkcF56ui8MvRrDx0M="},"lastRemoteEphemeralKey":"BfkxWJWZywElMCRd2gcQPINesdvozJKd6+1TvjHteGcf","previousCounter":0,"rootKey":"JDO9c3VsgRol/IJDjMFaxvm1NfrpIda5HMxEGCEpyzU="},"indexInfo":{"baseKey":"BdTtcKCXoe0vtuw4Lxnef/eLARyGK3rHOHJlWMWNfwhE","baseKeyType":1,"closed":-1,"used":1742490564388,"created":1742490564388,"remoteIdentityKey":"BfnB4FImH3QmHzCWeIFpqouipGqHSlNclzaDoAbcGk8n"},"_chains":{"BQ9OPQnlbqt49omXGsr652sPEWATxQCP9VhGMeatGLFi":{"chainKey":{"counter":0,"key":"N7tdBzV5qtG1sF8YxH1GW2o4fm8HW/zKtIbOK9P1xu8="},"chainType":1,"messageKeys":{}}},"pendingPreKey":{"signedKeyId":0,"baseKey":"BdTtcKCXoe0vtuw4Lxnef/eLARyGK3rHOHJlWMWNfwhE"}}},"version":"v1"}