{"_sessions":{"BUy1ioUcGzVv7sIxfqInyFshsR/VB4Yrotv8cKGL4iUv":{"registrationId":1141302618,"currentRatchet":{"ephemeralKeyPair":{"pubKey":"BUCz855+slXuwZzdkEVBkfjWYR3gu8oCQ0zZBrhCaHAk","privKey":"uFoKrMr9q0XSR6il8NDm2yQu+/9/fLW11ogpjEn9kEc="},"lastRemoteEphemeralKey":"BSslpRAkcnNCcieP4BKC1hmjyq5hk7kdd6hmrjISZnh4","previousCounter":0,"rootKey":"DSr3GeEm6rmWc5t4gwtGdOEQwM6KhJPq6TwWiO4o5yA="},"indexInfo":{"baseKey":"BUy1ioUcGzVv7sIxfqInyFshsR/VB4Yrotv8cKGL4iUv","baseKeyType":2,"closed":-1,"used":1742491421268,"created":1742491421268,"remoteIdentityKey":"BQOA4y4ji2+GuC/MEVaQOuSu5pjkuCQxn2vec15j5t89"},"_chains":{"BSslpRAkcnNCcieP4BKC1hmjyq5hk7kdd6hmrjISZnh4":{"chainKey":{"counter":3,"key":"pjS2Ps1Kghjg1PkhzmxX2AxbqSvQF9K163m416LiDII="},"chainType":2,"messageKeys":{"2":"qc+yZRdATXk9xsDR6t4h23xn3Lx47+i2kCNk57wsAUo="}},"BUCz855+slXuwZzdkEVBkfjWYR3gu8oCQ0zZBrhCaHAk":{"chainKey":{"counter":-1,"key":"y+l83S/2juD9fEcVio9R/WjIKj/NQmt1jiEWQONDSmw="},"chainType":1,"messageKeys":{}}}}},"version":"v1"}