{"_sessions":{"Be6Ixg3wCAH/yasOo6/F8Sb6SEkFEjQbd+laf8mgIbJS":{"registrationId":1016724330,"currentRatchet":{"ephemeralKeyPair":{"pubKey":"BcT8Oqn/3Mxi5CYSAOqz0L31QtSGGCq0jieJdqNM+zV2","privKey":"QMv4+TqVDjTalmvV9ZO4cpq2shJ6DISATcluOLafuF8="},"lastRemoteEphemeralKey":"Be00zOQAtDynyCEiyLK+IkBIiJw1doA1XNj8kK8Em51o","previousCounter":0,"rootKey":"FXPdyco8cGodiqaIeztf1aX04BBeGvi8Y3q2ldtugNY="},"indexInfo":{"baseKey":"Be6Ixg3wCAH/yasOo6/F8Sb6SEkFEjQbd+laf8mgIbJS","baseKeyType":1,"closed":-1,"used":1742490564398,"created":1742490564398,"remoteIdentityKey":"BVczhJK/CF8w0wyjxaLdZDfdVQSfS8Qu0qNgrkR7/m8b"},"_chains":{"BcT8Oqn/3Mxi5CYSAOqz0L31QtSGGCq0jieJdqNM+zV2":{"chainKey":{"counter":0,"key":"TbwLtiWhqmIi1OXkokbFnNGnjc+re3741QYqEjZcOwI="},"chainType":1,"messageKeys":{}}},"pendingPreKey":{"signedKeyId":3,"baseKey":"Be6Ixg3wCAH/yasOo6/F8Sb6SEkFEjQbd+laf8mgIbJS","preKeyId":14181260}}},"version":"v1"}