{"_sessions":{"BdumChzXVqiJpS0P/FnQrOlak7XfPaDkRVc7ai55aowE":{"registrationId":780894373,"currentRatchet":{"ephemeralKeyPair":{"pubKey":"BTVoJcvThpt9SenMpKQXhh6KVpwUZi5mboMmrPQVT7gK","privKey":"gPZESFLg5FMgYsCISEaXqn3GIgpO/owzZ0v6ceE/MGk="},"lastRemoteEphemeralKey":"BZGYH+w7hFq+6S642iLewvV2YqEL19gf665e/xHI6dN6","previousCounter":0,"rootKey":"8Nir3mXh7adn3PKLwyj5XHxQpgiuhC1frcWkqUqiZtM="},"indexInfo":{"baseKey":"BdumChzXVqiJpS0P/FnQrOlak7XfPaDkRVc7ai55aowE","baseKeyType":1,"closed":-1,"used":1742490564191,"created":1742490564191,"remoteIdentityKey":"BVJURKp6gI439fjdR7YLQKMP+IUeK47dIBDY2dY75rQP"},"_chains":{"BTVoJcvThpt9SenMpKQXhh6KVpwUZi5mboMmrPQVT7gK":{"chainKey":{"counter":0,"key":"0uJHouvIOyyXd9qlC3pbq5ohAiAT+Jhzrw1jj8V3aqM="},"chainType":1,"messageKeys":{}}},"pendingPreKey":{"signedKeyId":0,"baseKey":"BdumChzXVqiJpS0P/FnQrOlak7XfPaDkRVc7ai55aowE","preKeyId":3535112}}},"version":"v1"}