{"_sessions":{"BbMoFozvQyXmeOV8bieYcQCZ5Vp3GtkkUep7eB7UwwtX":{"registrationId":1703031621,"currentRatchet":{"ephemeralKeyPair":{"pubKey":"BXAjufmKbF+n+Rf8+nbE5rWhxK7LQ8w6r+jerg4ss81q","privKey":"cM+pFtCiZLuViVjJcQkzcqSsjhIRh0x4osxB1BECZXg="},"lastRemoteEphemeralKey":"BcHiEbccgv9WJFABmrs6jUY1CTy97Za9/pPxlz/zwzUk","previousCounter":0,"rootKey":"gg9P7mOg75Mky2KV1nxvCO0jZTzM0b8s1TAas6rDupc="},"indexInfo":{"baseKey":"BbMoFozvQyXmeOV8bieYcQCZ5Vp3GtkkUep7eB7UwwtX","baseKeyType":2,"closed":-1,"used":1742492301800,"created":1742492301800,"remoteIdentityKey":"BaaMIMPuQt/wEwCo1XZouHFHVrBLtyM0yYZ4sQJUHvoC"},"_chains":{"BcHiEbccgv9WJFABmrs6jUY1CTy97Za9/pPxlz/zwzUk":{"chainKey":{"counter":0,"key":"yHMcL/f0k5s5zliThGQxZT9GB4mH2IMe9fBRbXhb410="},"chainType":2,"messageKeys":{}},"BXAjufmKbF+n+Rf8+nbE5rWhxK7LQ8w6r+jerg4ss81q":{"chainKey":{"counter":-1,"key":"X4vQmp+rDCglkgnaVohRGiQLjIEyfOhJ4T3Aibrx6JY="},"chainType":1,"messageKeys":{}}}}},"version":"v1"}