{"_sessions":{"Be5mW9lfalRC0mTFsBhI0BXF/i8frzmXXf7V5iijv/gi":{"registrationId":2127143596,"currentRatchet":{"ephemeralKeyPair":{"pubKey":"BTP/VdL/JX0vc2P/BFDwJtg11yYSeI2Yrzz5Op+xa9Ar","privKey":"oBPPjDFnPiI5N7dU9+3/NT6AO+GUibRsJo9kM4b5wE8="},"lastRemoteEphemeralKey":"BXrp2o9fpdq7F3GjgoihuTbfJ4Q9P6l34Xn+HS8SE1ds","previousCounter":0,"rootKey":"KM2V2CIxaTQ+OOZvGgAHA9i+OGdxMBZRMh1UxeIq9bo="},"indexInfo":{"baseKey":"Be5mW9lfalRC0mTFsBhI0BXF/i8frzmXXf7V5iijv/gi","baseKeyType":1,"closed":-1,"used":1742490563696,"created":1742490563696,"remoteIdentityKey":"BWRul8sYJ4aUayd5I9x6z3qmbcLsV7C87WSFCXtlSnkw"},"_chains":{"BTP/VdL/JX0vc2P/BFDwJtg11yYSeI2Yrzz5Op+xa9Ar":{"chainKey":{"counter":0,"key":"DqkoivxqOWUpSjxk0trKHrmC2Uolc2V9KouNSlTeBLA="},"chainType":1,"messageKeys":{}}},"pendingPreKey":{"signedKeyId":5,"baseKey":"Be5mW9lfalRC0mTFsBhI0BXF/i8frzmXXf7V5iijv/gi","preKeyId":7653459}}},"version":"v1"}