{"_sessions":{"BZpLGyTAwMDQnjIWB0TNjwwN/f2BSaQQ8s556Ly6ricC":{"registrationId":815758722,"currentRatchet":{"ephemeralKeyPair":{"pubKey":"Bb3iYS026qZ1slXjPU92WGRDP+mN8Fa9HNI/Fumha+82","privKey":"KJqlCwaDhA1coSH88hLt/22cAGdbpK/lkqHDXaFAcUo="},"lastRemoteEphemeralKey":"BRa+3Z9akKqAk0RtF53wNqnkW1hQ0xCA3fB91a3aN1lK","previousCounter":0,"rootKey":"DgQrH6ZF2aQjI+h6WIfY30qw3V5w0XqxvYB2fVzuBO0="},"indexInfo":{"baseKey":"BZpLGyTAwMDQnjIWB0TNjwwN/f2BSaQQ8s556Ly6ricC","baseKeyType":1,"closed":-1,"used":1742490564506,"created":1742490564506,"remoteIdentityKey":"BbWBoRkaYSX7rdVdk0bWu4BKdv0lwKyC7EtIoQgNbEJA"},"_chains":{"Bb3iYS026qZ1slXjPU92WGRDP+mN8Fa9HNI/Fumha+82":{"chainKey":{"counter":0,"key":"FB0D7JsQdoe0S8wrhQbcu0F8ie3C5eCfQ5uzm2hgn/o="},"chainType":1,"messageKeys":{}}},"pendingPreKey":{"signedKeyId":15,"baseKey":"BZpLGyTAwMDQnjIWB0TNjwwN/f2BSaQQ8s556Ly6ricC","preKeyId":9870419}}},"version":"v1"}