{"_sessions":{"BTBBZ1AKqQyo0KTE+4KTCBuvS3hYTxmqgetI3omUmgdV":{"registrationId":957393490,"currentRatchet":{"ephemeralKeyPair":{"pubKey":"BVuC0wpya/SGkEtEvW8/aARR4p3RYNGmxUPv9POkFWsL","privKey":"sMvNRq75difJ8KAD3YPKoydHPM7p0RRN11WlUtuTOl8="},"lastRemoteEphemeralKey":"BZ8K7Ksaa9HMrGnFJW7QjMOb/TwEgve8r1kALINqw4VD","previousCounter":0,"rootKey":"MQEvx1vxjX1bCKKEqZnUgksVw8tFaJm4zk5t+onC3qs="},"indexInfo":{"baseKey":"BTBBZ1AKqQyo0KTE+4KTCBuvS3hYTxmqgetI3omUmgdV","baseKeyType":1,"closed":-1,"used":1742490564471,"created":1742490564471,"remoteIdentityKey":"BYwzOgSgBSeTAEwDqNmDHLIqsdNxSiFr5hrwnvaRbZ9c"},"_chains":{"BVuC0wpya/SGkEtEvW8/aARR4p3RYNGmxUPv9POkFWsL":{"chainKey":{"counter":0,"key":"u31Jwb2/TGltqeOXi+Z8Y9UKqEa5fsDlrj4e2qkbA2g="},"chainType":1,"messageKeys":{}}},"pendingPreKey":{"signedKeyId":0,"baseKey":"BTBBZ1AKqQyo0KTE+4KTCBuvS3hYTxmqgetI3omUmgdV","preKeyId":4286881}}},"version":"v1"}