{"_sessions":{"Bb9bHnkmhvL/9lndb8f1mzg0HabavUEeV+2dJGbhpd8B":{"registrationId":417093526,"currentRatchet":{"ephemeralKeyPair":{"pubKey":"BeKhJy97OHHQwcT2VhfHgjgBhGRMK44Wop52Q3datoFX","privKey":"0A+lvIE85eUoqDX9KsnS99bWuf05BjC4CgdhbtJjlF0="},"lastRemoteEphemeralKey":"Bb6S54sRpeHTp6RnDyaZ34O0V8e8OutmVbt9pIrbIDQg","previousCounter":0,"rootKey":"XyUa12Rt6+9uYlAzoe04gdpAqCnoJorCHiSzEhtmJiU="},"indexInfo":{"baseKey":"Bb9bHnkmhvL/9lndb8f1mzg0HabavUEeV+2dJGbhpd8B","baseKeyType":1,"closed":-1,"used":1742490563901,"created":1742490563901,"remoteIdentityKey":"BZ/pMSJ5Yl78D0Bn/dFUoz0hDu+nsrjzu6B4p59n9KhR"},"_chains":{"BeKhJy97OHHQwcT2VhfHgjgBhGRMK44Wop52Q3datoFX":{"chainKey":{"counter":0,"key":"Slo3Ca2QagpgOlixzzKi0OhaPMzcKrbbKXs/2p0TiOM="},"chainType":1,"messageKeys":{}}},"pendingPreKey":{"signedKeyId":0,"baseKey":"Bb9bHnkmhvL/9lndb8f1mzg0HabavUEeV+2dJGbhpd8B","preKeyId":11502931}}},"version":"v1"}