{"_sessions":{"BcsmQMIp0pE3DfTHVYlI/5L3bF/9PiJd5MYbFtWZ7Ztb":{"registrationId":2082945848,"currentRatchet":{"ephemeralKeyPair":{"pubKey":"BQimqwU7VhgU+JD3vRImFjMzyusVqshxlvL6xGlOQ85l","privKey":"CBScnoFHeE3xErtNKioU/Lgm99aBvuTSIX1uOBQxQ0A="},"lastRemoteEphemeralKey":"BXf5m55urGns2vNrM9yT6xR4NaLQlSsM1bP/AX8vEzJ/","previousCounter":0,"rootKey":"XYsJaFg3AeHeL+edAouGkN70p68FTezVPEzl9HeeOv4="},"indexInfo":{"baseKey":"BcsmQMIp0pE3DfTHVYlI/5L3bF/9PiJd5MYbFtWZ7Ztb","baseKeyType":2,"closed":-1,"used":1742491420599,"created":1742491420599,"remoteIdentityKey":"BZ+rGwpOKOTuN7NBwaut4XvFJPTCg1vK17FIU7PTHeAf"},"_chains":{"BXf5m55urGns2vNrM9yT6xR4NaLQlSsM1bP/AX8vEzJ/":{"chainKey":{"counter":0,"key":"jA0QsgfIfgrInJiA6X4SgK5v+SJa9IN6N8/R3l04xBk="},"chainType":2,"messageKeys":{}},"BQimqwU7VhgU+JD3vRImFjMzyusVqshxlvL6xGlOQ85l":{"chainKey":{"counter":-1,"key":"ELZ3//wwA8qAcR628U5bVaJJOpIXFm902gBwewr1rm0="},"chainType":1,"messageKeys":{}}}}},"version":"v1"}