{"_sessions":{"BXLzf/6pxK8SswbIX5xQdBIrk3sNWKz+9Vkq0xjbBAIC":{"registrationId":1827500850,"currentRatchet":{"ephemeralKeyPair":{"pubKey":"BRR5BzVaUtwnvvKMJiibcAddscxNsVKuhPzV/WZGb21V","privKey":"iEaJrNeqiZDJ17+UFH/ZDH7u4aZ96VtP2WKB4X1qaXE="},"lastRemoteEphemeralKey":"Bd0JhB7QU6D2ivtvkMYkCYz0Yok+sErYOcgMPtQUk5E6","previousCounter":0,"rootKey":"d5WkHdWaJJrheHrgDWXhhZ29dJ9cMhaD6BE0k2VRRVQ="},"indexInfo":{"baseKey":"BXLzf/6pxK8SswbIX5xQdBIrk3sNWKz+9Vkq0xjbBAIC","baseKeyType":2,"closed":-1,"used":1742492962940,"created":1742492962940,"remoteIdentityKey":"BWnGo62kTuYvWf0qB/ZzgB4nkK9oVxab3ZRJutdcvmdA"},"_chains":{"Bd0JhB7QU6D2ivtvkMYkCYz0Yok+sErYOcgMPtQUk5E6":{"chainKey":{"counter":0,"key":"QASx6uvgxAY0qmVCn0lgp3LOoU1rpkxf7XXUYITZ4xc="},"chainType":2,"messageKeys":{}},"BRR5BzVaUtwnvvKMJiibcAddscxNsVKuhPzV/WZGb21V":{"chainKey":{"counter":-1,"key":"sylVyZsXSdUF9NCGEX4mHXlCJVPJ7n65hBx7GTDYYYU="},"chainType":1,"messageKeys":{}}}}},"version":"v1"}