{"_sessions":{"BXx+kmUZD9PbNED3WOQXJ3N7XTae5fE4/O+i9Bm9UuF4":{"registrationId":825360437,"currentRatchet":{"ephemeralKeyPair":{"pubKey":"BdeWAsuqI8xhEwo0RPZF/5QJMNqsRZwSVYeDADqBWwZL","privKey":"UCTsQpcabzNRVzrW4otiHwOaEZ7VuGDBHN3ihYYlgG0="},"lastRemoteEphemeralKey":"BSUvnkFLKfDcReSFCA+97uA6pfzAce4YbyLbdYAiyetx","previousCounter":0,"rootKey":"Ugck2ecPhLZdaSRwoF3lRHK/JveTAicPSc18h4Nrtjw="},"indexInfo":{"baseKey":"BXx+kmUZD9PbNED3WOQXJ3N7XTae5fE4/O+i9Bm9UuF4","baseKeyType":1,"closed":-1,"used":1742490564486,"created":1742490564486,"remoteIdentityKey":"BXdNTSD24Ulghw2QhGOLp8HDhU6txM9Ik7aOZMy6E0Jc"},"_chains":{"BdeWAsuqI8xhEwo0RPZF/5QJMNqsRZwSVYeDADqBWwZL":{"chainKey":{"counter":0,"key":"Q2jD6rkPIEAWjOfBXtvsE+znjxmb1ftL25wNhmOiCZw="},"chainType":1,"messageKeys":{}}},"pendingPreKey":{"signedKeyId":1,"baseKey":"BXx+kmUZD9PbNED3WOQXJ3N7XTae5fE4/O+i9Bm9UuF4","preKeyId":3244526}}},"version":"v1"}