{"_sessions":{"BSiO6yl8yvwzjMAZakPEXh0I7Z8XYKJDQ5KimiCJC1oB":{"registrationId":1148224055,"currentRatchet":{"ephemeralKeyPair":{"pubKey":"BWAiR+HZEQv0FCHcDi7vHZ1gYBo0kGmH+po7VJTs7w1K","privKey":"mLWLSnNfbWP64Z3QC6utFYDa8MYpF1ODv3NbdT3nPkU="},"lastRemoteEphemeralKey":"BVv2fIq2vwg83YUzi3ZM6qCS+qvtdSMjEjrRF6H3jW8d","previousCounter":0,"rootKey":"4N7MQvfBKSHS2Jsks+6P/Y4D49TAm/dPdv0534PB3QE="},"indexInfo":{"baseKey":"BSiO6yl8yvwzjMAZakPEXh0I7Z8XYKJDQ5KimiCJC1oB","baseKeyType":1,"closed":-1,"used":1742490564109,"created":1742490564109,"remoteIdentityKey":"BV0xDlYR1LVMn2E2KpK3OZ6BypU+rlJZWAvLh3Fwp+EQ"},"_chains":{"BWAiR+HZEQv0FCHcDi7vHZ1gYBo0kGmH+po7VJTs7w1K":{"chainKey":{"counter":0,"key":"Dq9tJwVMEGNwLksLbaNnqZZlvkyc0UdUEgLuaQFzF2U="},"chainType":1,"messageKeys":{}}},"pendingPreKey":{"signedKeyId":8,"baseKey":"BSiO6yl8yvwzjMAZakPEXh0I7Z8XYKJDQ5KimiCJC1oB","preKeyId":503931}}},"version":"v1"}