{"_sessions":{"BUmrXegpFi3gyTO0HOME7YYkookrBf81B8Jd6hmGla4r":{"registrationId":1235353832,"currentRatchet":{"ephemeralKeyPair":{"pubKey":"BWnchkcNKiSad7uHbsfE9VntEM+nFarq7gZ6JoCoTtVD","privKey":"iJl8ZSBwT0EucpTFwuuXC2LjdzuqLiZfbpNCQVIkQkw="},"lastRemoteEphemeralKey":"BQx0XJpqodorFE0dmkkG4Fqo58+jjEVm8T3pnhApnBtp","previousCounter":0,"rootKey":"gbvcr5fDQULEi3JQjuWBw5OMTTXxGXOgm8wT0CcKBdI="},"indexInfo":{"baseKey":"BUmrXegpFi3gyTO0HOME7YYkookrBf81B8Jd6hmGla4r","baseKeyType":1,"closed":-1,"used":1742490563919,"created":1742490563919,"remoteIdentityKey":"BQNvJUbsJ6XNcLwh4p+TR2vEodRfMpDdtFDeMnxqiBc4"},"_chains":{"BWnchkcNKiSad7uHbsfE9VntEM+nFarq7gZ6JoCoTtVD":{"chainKey":{"counter":0,"key":"D+TylgxOtQCGY46nUypazHoJD4DhW4cOwuqNRN/nzIQ="},"chainType":1,"messageKeys":{}}},"pendingPreKey":{"signedKeyId":1,"baseKey":"BUmrXegpFi3gyTO0HOME7YYkookrBf81B8Jd6hmGla4r","preKeyId":12525754}}},"version":"v1"}