{"_sessions":{"BevRgLEzKxmOa289/Nrdy3CUxz4TgLbu7Ap7krJSXzYd":{"registrationId":2053144904,"currentRatchet":{"ephemeralKeyPair":{"pubKey":"BbZaOTkzSOKtArPXlRReddxDRuEVCyR/aACOsTu3z5N9","privKey":"uPx3pKecZtFNRbwLK9VHNAiQENH6nbMn/IHbNwqoOm4="},"lastRemoteEphemeralKey":"BWOKYSPzBC5vNLpmPhG9Cg5yjdzYyNOuaHBTxY8LYkQK","previousCounter":0,"rootKey":"lC/KpSpnmZDYPsIbZMM3S0e5wdQ6NUJdri0sZbqMVbk="},"indexInfo":{"baseKey":"BevRgLEzKxmOa289/Nrdy3CUxz4TgLbu7Ap7krJSXzYd","baseKeyType":2,"closed":-1,"used":1742493747521,"created":1742493747521,"remoteIdentityKey":"BZHtRzl6p4bntFt3i4gTPw2hlD1+w0CyS4saIQN0qfhN"},"_chains":{"BWOKYSPzBC5vNLpmPhG9Cg5yjdzYyNOuaHBTxY8LYkQK":{"chainKey":{"counter":0,"key":"kVAZ+h2+RgFjn6qCWhw0dUB+8lq+rytrG9kkBUTRlTU="},"chainType":2,"messageKeys":{}},"BbZaOTkzSOKtArPXlRReddxDRuEVCyR/aACOsTu3z5N9":{"chainKey":{"counter":-1,"key":"QDpdgaPIJtoh0Ut7k+eafVhQBh54FUiwNoYnodCIV6o="},"chainType":1,"messageKeys":{}}}}},"version":"v1"}