{"_sessions":{"BR4g1heuis6zvC0TcvTN5ndP06umPlxRl7tGCNLv+VNY":{"registrationId":1413106942,"currentRatchet":{"ephemeralKeyPair":{"pubKey":"BRc4/JjO0iXmDXVCDu1PcdbxCzIwTULyUFH6ASqRK816","privKey":"kPzNWOMDEb6FZY5F1Dr3jtOp+MMNoCFzOkOvFoqTsW0="},"lastRemoteEphemeralKey":"BSfQBYX+iIZcFEU5xTCgE5XSzv58qFXYORL//1/N4JcS","previousCounter":0,"rootKey":"8KDbjsRcVwUY+28pojD9Ggp5WZmiZpvNeMSNBO4ikTU="},"indexInfo":{"baseKey":"BR4g1heuis6zvC0TcvTN5ndP06umPlxRl7tGCNLv+VNY","baseKeyType":1,"closed":-1,"used":1742490564699,"created":1742490564699,"remoteIdentityKey":"BUZljG96UkPhwlte2kW+Ikb9RfDx0J5g6aHLR6OovxY0"},"_chains":{"BRc4/JjO0iXmDXVCDu1PcdbxCzIwTULyUFH6ASqRK816":{"chainKey":{"counter":0,"key":"KC+K4zL+d/Joa83fDwJdRd5gMqAzJ4eIe9BvpmTlEmE="},"chainType":1,"messageKeys":{}}},"pendingPreKey":{"signedKeyId":0,"baseKey":"BR4g1heuis6zvC0TcvTN5ndP06umPlxRl7tGCNLv+VNY"}}},"version":"v1"}