{"_sessions":{"BVcr6ZrhTZUgFkxwJSuGuSg8RqO+9KOsbkVH6MYB0cEX":{"registrationId":1618413426,"currentRatchet":{"ephemeralKeyPair":{"pubKey":"BSOL2L5Q1qJndOYQ/OpuKZhbt1cc4p6ve8f94r+lijgV","privKey":"iL7P+xM4yMuEfT0lNxtTXibeQB2oPQEScfINpMTmGXY="},"lastRemoteEphemeralKey":"BSZrRnab71RInGSU87vrCY27i5ZQLNsEZyPBwU6qTORc","previousCounter":0,"rootKey":"eQaCtr8O2c0VGcgN2Rj9A+5ifjhMiIwSiFP8z6MdU8w="},"indexInfo":{"baseKey":"BVcr6ZrhTZUgFkxwJSuGuSg8RqO+9KOsbkVH6MYB0cEX","baseKeyType":1,"closed":-1,"used":1742490564689,"created":1742490564689,"remoteIdentityKey":"Bdh8Cz3uJ2BiPF9WEV5sVBLkh2BjJzO7bK1kRwJlcMkw"},"_chains":{"BSOL2L5Q1qJndOYQ/OpuKZhbt1cc4p6ve8f94r+lijgV":{"chainKey":{"counter":0,"key":"Z9bjoud49m30FMENsh34F0F7+xpG3qdC4Edcw8VHTnQ="},"chainType":1,"messageKeys":{}}},"pendingPreKey":{"signedKeyId":3,"baseKey":"BVcr6ZrhTZUgFkxwJSuGuSg8RqO+9KOsbkVH6MYB0cEX","preKeyId":1953935}}},"version":"v1"}