{"_sessions":{"BQgPuGwg1if8Pl+p29H7NhlAvL3dtgT+9s/4b7rXO9wK":{"registrationId":1005933806,"currentRatchet":{"ephemeralKeyPair":{"pubKey":"BbI5CsPpMtCWKnm9jb3fbG22B6KXUAR2IERHWmgIXxBo","privKey":"UGjzzIBZ8TRn8JrrB7/FwoGRceyHU8ZdTYS//igjnG0="},"lastRemoteEphemeralKey":"BTJ2sd3k1PrVQ5T1An7leMNTd0gpzjKrTQz4ORySQec0","previousCounter":0,"rootKey":"CLsyXUNeEDQwXhiB43s4TmZ6obVSRzTwROawrTg+qKs="},"indexInfo":{"baseKey":"BQgPuGwg1if8Pl+p29H7NhlAvL3dtgT+9s/4b7rXO9wK","baseKeyType":1,"closed":-1,"used":1742490564474,"created":1742490564474,"remoteIdentityKey":"BSxraAXNyWxA2uksi50fMUSX4jM5d1PNU5+iN3Mnn2Bx"},"_chains":{"BbI5CsPpMtCWKnm9jb3fbG22B6KXUAR2IERHWmgIXxBo":{"chainKey":{"counter":0,"key":"LtgG2KKo5QqY5/ZXKtFms+Yc7ZmUI5idk0KgjPQ3RFE="},"chainType":1,"messageKeys":{}}},"pendingPreKey":{"signedKeyId":3,"baseKey":"BQgPuGwg1if8Pl+p29H7NhlAvL3dtgT+9s/4b7rXO9wK","preKeyId":420282}}},"version":"v1"}