{"_sessions":{"BZryzqowNYC4wS2YybiFlj5Nl4Pm62Vfz2d1qh/SKt1V":{"registrationId":1171245796,"currentRatchet":{"ephemeralKeyPair":{"pubKey":"BVNKMl848JsN2dNVy1KV/1E47HMy3CYustWDNTJLRy8K","privKey":"OLO61q7uKvDRafZ6QbOEto0b8hlNlvQ/BtvJUNFsN2Q="},"lastRemoteEphemeralKey":"BWg7XeW6ob1HF44cxi6D/aMhay8sNabGLKdHd07H5xs6","previousCounter":0,"rootKey":"87ulkRYOok1A3ciwPt6IK6bBkznZ0fAljfu1Ei2WDyg="},"indexInfo":{"baseKey":"BZryzqowNYC4wS2YybiFlj5Nl4Pm62Vfz2d1qh/SKt1V","baseKeyType":1,"closed":-1,"used":1742490564093,"created":1742490564093,"remoteIdentityKey":"BRSJXfTkWrTlBkedCNZnqt1VXsDRtxeGnFjNn5DfF6YM"},"_chains":{"BVNKMl848JsN2dNVy1KV/1E47HMy3CYustWDNTJLRy8K":{"chainKey":{"counter":0,"key":"z0NUmwd+dggJ3vMOZVS0OKhEhtAxdchn+ESk6cLMwP4="},"chainType":1,"messageKeys":{}}},"pendingPreKey":{"signedKeyId":30,"baseKey":"BZryzqowNYC4wS2YybiFlj5Nl4Pm62Vfz2d1qh/SKt1V","preKeyId":13664447}}},"version":"v1"}