{"_sessions":{"BTWGYw+Pjv7D1colJMwqQnr/bee/l4YKbxn7TtNcNg9Z":{"registrationId":303125053,"currentRatchet":{"ephemeralKeyPair":{"pubKey":"BXE6+4xt4ONnt4tP/rejX/1Di1zgXj+NI0xVLNX88+Z4","privKey":"WET7QSUy3gpkzYU5H1DUTadRdd9RYeUQLFRmRPWE304="},"lastRemoteEphemeralKey":"BcKvwFerVqPfe5hTp+Ca8DDT4XFGZGfEAuxtxfIsWggm","previousCounter":0,"rootKey":"1KjoSEtg6toI7hKo87iD2bW71Jmy4PBWskftT8s0VJ0="},"indexInfo":{"baseKey":"BTWGYw+Pjv7D1colJMwqQnr/bee/l4YKbxn7TtNcNg9Z","baseKeyType":2,"closed":-1,"used":1742490482237,"created":1742490482237,"remoteIdentityKey":"BYB7Ds81SncvHOoTTYVH2GgbAtRYxYrhQjgZqqVlArBc"},"_chains":{"BcKvwFerVqPfe5hTp+Ca8DDT4XFGZGfEAuxtxfIsWggm":{"chainKey":{"counter":1,"key":"PWB8xxNAgkXNs7yLlzzKOH5QhZ7+e5NjXiBWVSHXI4s="},"chainType":2,"messageKeys":{}},"BXE6+4xt4ONnt4tP/rejX/1Di1zgXj+NI0xVLNX88+Z4":{"chainKey":{"counter":-1,"key":"DGMj9efs8q+48dBUP0w9Z1CDIxnL9X141Ui+/it/JnM="},"chainType":1,"messageKeys":{}}}}},"version":"v1"}