{"_sessions":{"BclbB/7K85qgW9V1v1ndlKk60IPxwvjZEeNwx8bnjDN+":{"registrationId":416926555,"currentRatchet":{"ephemeralKeyPair":{"pubKey":"Be/086N/iCsPeqsgRS8cm/tsth6SMQ0TURjezXdhif0J","privKey":"cCsn9q4yMBHwE+JCFyfKHMOV7m9ZcYsPNbEB3Uc3GFQ="},"lastRemoteEphemeralKey":"Bel6hTRFS9A3B3jrIoUMnsBrJ4C7F+Utffxmx1+NAWFE","previousCounter":0,"rootKey":"ZDxB5widhiSnP0WvmaSc+fitNfUcB4xuTUYoS4Z7M+Y="},"indexInfo":{"baseKey":"BclbB/7K85qgW9V1v1ndlKk60IPxwvjZEeNwx8bnjDN+","baseKeyType":1,"closed":-1,"used":1742490564395,"created":1742490564395,"remoteIdentityKey":"BU9SxTspuydFMMxcIv9e1BAK1zn7/UVYKgN+pglRtFt9"},"_chains":{"Be/086N/iCsPeqsgRS8cm/tsth6SMQ0TURjezXdhif0J":{"chainKey":{"counter":0,"key":"gaDmRTwcEDm4+qMEiZg6k713NyTbiIBtquJ5vlofAKQ="},"chainType":1,"messageKeys":{}}},"pendingPreKey":{"signedKeyId":11,"baseKey":"BclbB/7K85qgW9V1v1ndlKk60IPxwvjZEeNwx8bnjDN+","preKeyId":7313685}}},"version":"v1"}