{"_sessions":{"BXcaRhjltggGOEk+nbSH7oFKOi430707e2FK2B5idzRA":{"registrationId":217620713,"currentRatchet":{"ephemeralKeyPair":{"pubKey":"BfPBYDBdUorbBHVDWfMsLSmV8DWmGpRF5n+Mg12YZZtA","privKey":"AFcSVnPCwrvXnPrlVNvcb/1SQ8x7VTKK8xu4awCGNGs="},"lastRemoteEphemeralKey":"BVnE06SJCI2Mri9YXwrMnWHqLqXTaLwmrDUj24OALu9O","previousCounter":0,"rootKey":"MzIa2MKtOARK4OhGTyb7ypmyqaSbaHDUdMb8kLrhYzM="},"indexInfo":{"baseKey":"BXcaRhjltggGOEk+nbSH7oFKOi430707e2FK2B5idzRA","baseKeyType":1,"closed":-1,"used":1742490564468,"created":1742490564468,"remoteIdentityKey":"BbkwCSHZd3isRtEQTUEeLWOUoOgX70Y2ki31phJzQe4Y"},"_chains":{"BfPBYDBdUorbBHVDWfMsLSmV8DWmGpRF5n+Mg12YZZtA":{"chainKey":{"counter":0,"key":"zJlOYB4CgPTeKBq1f7W48fl+8FNM4MBpRhff6+EK3s8="},"chainType":1,"messageKeys":{}}},"pendingPreKey":{"signedKeyId":3,"baseKey":"BXcaRhjltggGOEk+nbSH7oFKOi430707e2FK2B5idzRA","preKeyId":13324208}}},"version":"v1"}