{"_sessions":{"BfmY7X4eMrjbK8ReRVa01mzBU4tLc3fflTfFWiEsci0D":{"registrationId":1530229173,"currentRatchet":{"ephemeralKeyPair":{"pubKey":"BdxwlxRAl/Rz0AFPSRzWeg+qFb32bK+NvnBD5j0R41Im","privKey":"8Pf9AQ2JncvUBWv4V53AuU0Bh49CsN1OqInOjc8etXc="},"lastRemoteEphemeralKey":"Baz4BYDYjWgKBomQ7/lpw8bJSZp6k99kkCqQcqPZpZJ3","previousCounter":0,"rootKey":"wOjj+nj9NpMG0ARFSRO2xX/nRARQ4ao3xNIvrMnE9LY="},"indexInfo":{"baseKey":"BfmY7X4eMrjbK8ReRVa01mzBU4tLc3fflTfFWiEsci0D","baseKeyType":1,"closed":-1,"used":1742490564273,"created":1742490564273,"remoteIdentityKey":"Bd/9jGohck1EPySIlei6QFssKIVIcz2AY88Gue3tbygn"},"_chains":{"BdxwlxRAl/Rz0AFPSRzWeg+qFb32bK+NvnBD5j0R41Im":{"chainKey":{"counter":0,"key":"L2OwABOhxB0u/0IFpVbcoeEnTvoh0QaxQ6BRFlgT1KQ="},"chainType":1,"messageKeys":{}}},"pendingPreKey":{"signedKeyId":2,"baseKey":"BfmY7X4eMrjbK8ReRVa01mzBU4tLc3fflTfFWiEsci0D","preKeyId":5978004}}},"version":"v1"}