{"_sessions":{"BcCqPa2u/XlZtALAlYaeRRd3iKEMwpmt/Mq59p+gu/pp":{"registrationId":1622458600,"currentRatchet":{"ephemeralKeyPair":{"pubKey":"BSJDAC29bQIuvEuW93VU1IqS5LTmaRO2AK8hRJpSPw4P","privKey":"0P2hBeYNMbl5HbhYGN7/khdG84tE5jiE7mBl21RBDEg="},"lastRemoteEphemeralKey":"BW+JQsw3+/uq7CXug7KB48Y2nr/g1Pz7pIrZvgoRIhAX","previousCounter":0,"rootKey":"pkF7F9dMS3IiyvEUZb11FNchNBeHtZvAuBScC/Kbgfc="},"indexInfo":{"baseKey":"BcCqPa2u/XlZtALAlYaeRRd3iKEMwpmt/Mq59p+gu/pp","baseKeyType":2,"closed":-1,"used":1742491420476,"created":1742491420476,"remoteIdentityKey":"BbqT4WQqgBVYE1SvBG9NW+iWy96zRnN+5djPpSi5Vtdx"},"_chains":{"BW+JQsw3+/uq7CXug7KB48Y2nr/g1Pz7pIrZvgoRIhAX":{"chainKey":{"counter":0,"key":"Gc1cchU798jmU27GKlkoTKNTCXOwSi5XNdj58Hop27U="},"chainType":2,"messageKeys":{}},"BSJDAC29bQIuvEuW93VU1IqS5LTmaRO2AK8hRJpSPw4P":{"chainKey":{"counter":-1,"key":"sf5pTSGmX+J7IiN7e8XTDRnQddqt5cbOjmOLTwacskU="},"chainType":1,"messageKeys":{}}}}},"version":"v1"}