{"_sessions":{"BViRUyWF/89BOhnjOEdoTMUTtyLJtw/H21P4fWV7UFhj":{"registrationId":1620051981,"currentRatchet":{"ephemeralKeyPair":{"pubKey":"Be20khiF8BhTRwUDGP62o9p5mV4In8vAzCds4pgbbQst","privKey":"cABKohM+gDi6ZhhoboXJUjrXyGO5Kcx19KK1JJ6B23E="},"lastRemoteEphemeralKey":"BR6E/sA/J3pLStrvFLbaXMZ6KBqdAt4Pf+tboPAzGilo","previousCounter":0,"rootKey":"4FNUJ5aZTPwH8HF1Qo3Y+IAX/aNkstINkMx9FbnGedQ="},"indexInfo":{"baseKey":"BViRUyWF/89BOhnjOEdoTMUTtyLJtw/H21P4fWV7UFhj","baseKeyType":1,"closed":-1,"used":1742490564404,"created":1742490564404,"remoteIdentityKey":"BYvUa5AfoYTamXUSZIDavzwX32gjaMYdOfo6adO1o2QA"},"_chains":{"Be20khiF8BhTRwUDGP62o9p5mV4In8vAzCds4pgbbQst":{"chainKey":{"counter":0,"key":"llS/CUBYrl3UDCpMOKsXuob1jAalsTaPCUdwb7hc4k0="},"chainType":1,"messageKeys":{}}},"pendingPreKey":{"signedKeyId":56,"baseKey":"BViRUyWF/89BOhnjOEdoTMUTtyLJtw/H21P4fWV7UFhj","preKeyId":13338748}}},"version":"v1"}