{"_sessions":{"BQxv0312Pk1pfStH+S/iHyC5JO/X7LlUDsKjJHvf4I1C":{"registrationId":1793816084,"currentRatchet":{"ephemeralKeyPair":{"pubKey":"BQhc/wmNWCneZhV2vk8EG2rZ+zPE41FYjkJ3HB0B/T0D","privKey":"sB9T7s0rM9cOfxbANfXAi4KDoe4PaKBK2Ct3HI8a+X8="},"lastRemoteEphemeralKey":"BcStnIaJ3kWMA3/FAPyh8KGyB9DnDbny4aVcsKstApB9","previousCounter":0,"rootKey":"Pdvv42wyYSUjh4y8TAyI9eTRK61koSnQzwiaKrGMa1A="},"indexInfo":{"baseKey":"BQxv0312Pk1pfStH+S/iHyC5JO/X7LlUDsKjJHvf4I1C","baseKeyType":1,"closed":-1,"used":1742490564373,"created":1742490564373,"remoteIdentityKey":"Bb7xbM7Dw70meokXaBl5jqnlGIS+SqJomlmxdJ6BRnkX"},"_chains":{"BQhc/wmNWCneZhV2vk8EG2rZ+zPE41FYjkJ3HB0B/T0D":{"chainKey":{"counter":0,"key":"tDvcqOl4ALgAhlNnUVAzt5d+cP6WTTGfwr3nY8bT5oI="},"chainType":1,"messageKeys":{}}},"pendingPreKey":{"signedKeyId":14,"baseKey":"BQxv0312Pk1pfStH+S/iHyC5JO/X7LlUDsKjJHvf4I1C","preKeyId":3349257}}},"version":"v1"}