{"_sessions":{"Bdf5aWAPlyWEQqtfuEgNvEt+TmaGbW7Rd808sG7Fws8Y":{"registrationId":274807589,"currentRatchet":{"ephemeralKeyPair":{"pubKey":"BdSiZim55UGHbHTQF57t+fa0VRYMtMHbi7RNt4jZJRkf","privKey":"aDfJJ++RzDYLZT+2jgLsNe3ZawwYTEVhWaNtxsK0BUg="},"lastRemoteEphemeralKey":"BW33A/WX+ti50ySpz2WChsWmdwsNZoIOOmSHQNaMAj0e","previousCounter":0,"rootKey":"mTM6A6q97V+kdNkoP5fpS0qNsDNYzzeVL9rbRUsKIIM="},"indexInfo":{"baseKey":"Bdf5aWAPlyWEQqtfuEgNvEt+TmaGbW7Rd808sG7Fws8Y","baseKeyType":1,"closed":-1,"used":1742490564304,"created":1742490564304,"remoteIdentityKey":"Bb0OrfaFaxJnA5i8hsBzp3MR6RgevOMbek91q1AsP55o"},"_chains":{"BdSiZim55UGHbHTQF57t+fa0VRYMtMHbi7RNt4jZJRkf":{"chainKey":{"counter":0,"key":"bT8vKh4NhpxBRDR76xABqvjuxpEpHV5WcEvr777f6d8="},"chainType":1,"messageKeys":{}}},"pendingPreKey":{"signedKeyId":4,"baseKey":"Bdf5aWAPlyWEQqtfuEgNvEt+TmaGbW7Rd808sG7Fws8Y","preKeyId":8002843}}},"version":"v1"}