{"_sessions":{"BWzkU5zkdFnjrs0hjsUyCTO5mOBRQs4IS10uxUR/zccI":{"registrationId":915703198,"currentRatchet":{"ephemeralKeyPair":{"pubKey":"BVyCEpYJxI933vjbKYtH2mgDn+Q44qyATfCntV1QlnAz","privKey":"8G6l0rRN9d6bOua0JN6mQVDyW+7qQx5deA2aPXrbuGE="},"lastRemoteEphemeralKey":"BXOipzDVUUwVO03kT8JwS2CfDYunF/XQJRg/1jYxLq4/","previousCounter":0,"rootKey":"MgXukXhhkFCOmwDLU7C9lkYjmY90VRgdPCwGK8tbH4o="},"indexInfo":{"baseKey":"BWzkU5zkdFnjrs0hjsUyCTO5mOBRQs4IS10uxUR/zccI","baseKeyType":2,"closed":-1,"used":1742490639778,"created":1742490639778,"remoteIdentityKey":"BZ/wuOmRU+Fb8eBhU/KgLv9XV5Rru6aCsS696/9aJSdv"},"_chains":{"BXOipzDVUUwVO03kT8JwS2CfDYunF/XQJRg/1jYxLq4/":{"chainKey":{"counter":0,"key":"q36JmwZ/oUnXKtRc2ZLnzRX1wBAZIHHqEAg19EqwOxY="},"chainType":2,"messageKeys":{}},"BVyCEpYJxI933vjbKYtH2mgDn+Q44qyATfCntV1QlnAz":{"chainKey":{"counter":-1,"key":"/+qc7wwuNedyuaApZS0o+AbkqzL1ABhmOZuAzg2SCd8="},"chainType":1,"messageKeys":{}}}}},"version":"v1"}