{"_sessions":{"BVUfTihEDo0LDrchrGUjBkm/8bMF1Dh7JsWoGd5zko1b":{"registrationId":87574199,"currentRatchet":{"ephemeralKeyPair":{"pubKey":"BaQfeZMWJKz0+ElyhiKxK1fz+qwTOwLUBIsnfkesX5gu","privKey":"6KE/f+9w7t5ChSHCoYALhJOci01UWG3bwpTAjqsT8H4="},"lastRemoteEphemeralKey":"BbRzDM/5Q7DAfnSUoxvrom5mQCvNyM0Pf74Wt2Pjf+xt","previousCounter":0,"rootKey":"LMrC7zQkmuxWRBHrJ0Q3Xjm8489dRBT6H02hlkWC3no="},"indexInfo":{"baseKey":"BVUfTihEDo0LDrchrGUjBkm/8bMF1Dh7JsWoGd5zko1b","baseKeyType":1,"closed":-1,"used":1742490564004,"created":1742490564004,"remoteIdentityKey":"BeqBVNhTGi1ogOJFQreFx1bw2YlWHbrgTdbT/1i2ohQG"},"_chains":{"BaQfeZMWJKz0+ElyhiKxK1fz+qwTOwLUBIsnfkesX5gu":{"chainKey":{"counter":0,"key":"6/A/+WLPNsS8kFqPphL299gv63Y/7w/cm2AARUnLT0Y="},"chainType":1,"messageKeys":{}}},"pendingPreKey":{"signedKeyId":1,"baseKey":"BVUfTihEDo0LDrchrGUjBkm/8bMF1Dh7JsWoGd5zko1b","preKeyId":3807441}}},"version":"v1"}