{"_sessions":{"BUp3x1lvoa1W55UAsYtpFfjcp5QqWgrgIi0sSMoxXq5C":{"registrationId":1519656726,"currentRatchet":{"ephemeralKeyPair":{"pubKey":"BW3st6LFP2HyiLIjoROdD1c5DD8hlYoZf2H+7SnJ/mUZ","privKey":"4E8bUPQgNAwsbzZTHKirlOD1hIWPp3DtPjur726vGXo="},"lastRemoteEphemeralKey":"BWwlvbreg7zuQT2+y8A+roWSOqzk9tqw1/JBYxBCX/55","previousCounter":0,"rootKey":"FZZWnnutd3beyB2uSn7TmmaZ2lLMKhtKMQrYZ8unUB4="},"indexInfo":{"baseKey":"BUp3x1lvoa1W55UAsYtpFfjcp5QqWgrgIi0sSMoxXq5C","baseKeyType":2,"closed":-1,"used":1742491421100,"created":1742491421100,"remoteIdentityKey":"BQdsq8xp+pHacev0A1HpNkIFEe10I4HH/wTkeLscnWhL"},"_chains":{"BWwlvbreg7zuQT2+y8A+roWSOqzk9tqw1/JBYxBCX/55":{"chainKey":{"counter":0,"key":"az1Lgl7kcBqUQFBt7m0KuDUeRxv+jlpVVU28L+lywyQ="},"chainType":2,"messageKeys":{}},"BW3st6LFP2HyiLIjoROdD1c5DD8hlYoZf2H+7SnJ/mUZ":{"chainKey":{"counter":-1,"key":"tQs15CVaCTqqoM+o8qZtzjEN7E2/vnvLNffT/YtP2hU="},"chainType":1,"messageKeys":{}}}}},"version":"v1"}