{"_sessions":{"BXNJNODCFzjagn8+ntwVy6/ZVo/O4jGF6vtnItC41c1T":{"registrationId":248033316,"currentRatchet":{"ephemeralKeyPair":{"pubKey":"BZLGW0aV/6jtle/Coh2nmw8fNKEch53CtXkZBGzRu7VV","privKey":"eLOFtIyE0P5C8FaM7j9pTnS+/9AfDeiX4vlWCqkfSHw="},"lastRemoteEphemeralKey":"Bd3vdWR7t4K0mYZSwHGcHgg9xo41t+1u2FvfiTYlvEw4","previousCounter":0,"rootKey":"Jon0rQQhmYzYLMnLRAlscYpMdiLFD5/lciVflTeoPuU="},"indexInfo":{"baseKey":"BXNJNODCFzjagn8+ntwVy6/ZVo/O4jGF6vtnItC41c1T","baseKeyType":1,"closed":-1,"used":1742490564200,"created":1742490564200,"remoteIdentityKey":"BZ1vwwV/ZGuTzrp0Vup/iQdPTOrb2341Sd4ATnULqy8f"},"_chains":{"BZLGW0aV/6jtle/Coh2nmw8fNKEch53CtXkZBGzRu7VV":{"chainKey":{"counter":0,"key":"poQ3p7z5Hgi15gC3Iw+WOJKNL2MX83/TjNEvAns6Plw="},"chainType":1,"messageKeys":{}}},"pendingPreKey":{"signedKeyId":1,"baseKey":"BXNJNODCFzjagn8+ntwVy6/ZVo/O4jGF6vtnItC41c1T","preKeyId":9172030}}},"version":"v1"}