{"_sessions":{"BUp3WvJ/HRk6DHmPbsiqF/d7gEPpY/iOjabzV9VgZvoF":{"registrationId":1254765277,"currentRatchet":{"ephemeralKeyPair":{"pubKey":"BfmG6QLKDZgtf++mBZ2J7z0/WUQvO8Xd4s+sYQKvTM1f","privKey":"aBf+vBGZD/Tgm7uIpiBZmIeWXacVq1UUOTyHjWorOVM="},"lastRemoteEphemeralKey":"BaEh4hAV5DULrYZhTg9R1rKcgKEHOpkqK/Q3Q/Ro1HgD","previousCounter":0,"rootKey":"G5chxXRhHVVYMqER0ke+1VvJTcNeeqCFNkhL1CWksng="},"indexInfo":{"baseKey":"BUp3WvJ/HRk6DHmPbsiqF/d7gEPpY/iOjabzV9VgZvoF","baseKeyType":1,"closed":-1,"used":1742490563799,"created":1742490563799,"remoteIdentityKey":"BXcUn+xO+oulNSxYT27z3RplIF0ut8RRqyAYhxDDp9kJ"},"_chains":{"BfmG6QLKDZgtf++mBZ2J7z0/WUQvO8Xd4s+sYQKvTM1f":{"chainKey":{"counter":0,"key":"ckfwYl+WVwnMw0sIbM3WpvQ0NXo53jH4EixxeWkEFe0="},"chainType":1,"messageKeys":{}}},"pendingPreKey":{"signedKeyId":1,"baseKey":"BUp3WvJ/HRk6DHmPbsiqF/d7gEPpY/iOjabzV9VgZvoF","preKeyId":1322521}}},"version":"v1"}