{"_sessions":{"BY1gtSxzR0CneAdPgzDHwLxfBqnCOgYn2p1W1MI3N/lO":{"registrationId":289917893,"currentRatchet":{"ephemeralKeyPair":{"pubKey":"Bab4dPGKzRyVqp9X3qKbGJdMIiQ4xzcI9OVsCAeGuNc+","privKey":"gKmmZ1CMB0BbGoyUBiOzLvUKzEbGOzlHNrDVha8zkUo="},"lastRemoteEphemeralKey":"BS8JF/gPtHO2kUjRQN8GrSGTmtLf+/kPvfCTt8Oqedcs","previousCounter":0,"rootKey":"SOfkyZ0V7wvC+gESGinPuXJbpZjTGBLYEd/iwwqKP8A="},"indexInfo":{"baseKey":"BY1gtSxzR0CneAdPgzDHwLxfBqnCOgYn2p1W1MI3N/lO","baseKeyType":1,"closed":-1,"used":1742490563884,"created":1742490563884,"remoteIdentityKey":"BdNiDTsP0t1SxO71R9wOwXMha/vnllTzAtbsBXqTC0ZH"},"_chains":{"Bab4dPGKzRyVqp9X3qKbGJdMIiQ4xzcI9OVsCAeGuNc+":{"chainKey":{"counter":0,"key":"QZKfStj5TTEssTy7Q5ElGRMJjvB3O3lT+TGqGhL1eO4="},"chainType":1,"messageKeys":{}}},"pendingPreKey":{"signedKeyId":0,"baseKey":"BY1gtSxzR0CneAdPgzDHwLxfBqnCOgYn2p1W1MI3N/lO","preKeyId":9682209}}},"version":"v1"}