{"_sessions":{"BafAcWhI3hP6KgfmVbnB/c4xTHK9QHPC4R7bR6cZcMU5":{"registrationId":1858283140,"currentRatchet":{"ephemeralKeyPair":{"pubKey":"BR+Wz9yJSag7bBtNTiD+dQhgFAM1vWqWFzLVSymoKc1X","privKey":"mJkfLTtPcWvDp7w+981saLD1uX/isTCs1scS+cklMGc="},"lastRemoteEphemeralKey":"Ba9KABKdTfTTgjULs/xqJ2Goic82hp0/LMLeT6KYdEg3","previousCounter":0,"rootKey":"9WQo+KSIUsNODjR3yyIjqPgm2Abskr9gysqT4fMhcN4="},"indexInfo":{"baseKey":"BafAcWhI3hP6KgfmVbnB/c4xTHK9QHPC4R7bR6cZcMU5","baseKeyType":1,"closed":-1,"used":1742490564598,"created":1742490564598,"remoteIdentityKey":"BYbgGFehyVDMdOc2j3z/07pQ+YGVLHd8W9GrklPu0Hgb"},"_chains":{"BR+Wz9yJSag7bBtNTiD+dQhgFAM1vWqWFzLVSymoKc1X":{"chainKey":{"counter":0,"key":"DwQ0xZOmGVkd2s4Io2OVxAV9FjcUNPWwDPHM0zAm9m0="},"chainType":1,"messageKeys":{}}},"pendingPreKey":{"signedKeyId":7,"baseKey":"BafAcWhI3hP6KgfmVbnB/c4xTHK9QHPC4R7bR6cZcMU5","preKeyId":2042169}}},"version":"v1"}