{"_sessions":{"BTKrTzuWEwL98JvwO6nz6PWrKAV5ZpYBeLB/nqv9+Wps":{"registrationId":1552615516,"currentRatchet":{"ephemeralKeyPair":{"pubKey":"BYIdjE2Ke8hDv13XSZ5SBdAxGLT5aL2y5IsUgRLauEJ+","privKey":"oHL61eQnIahJp241QNTzmpTbYoC4Oan/ut2XsjR7TGU="},"lastRemoteEphemeralKey":"Bdftx4staSiAcOJKz8Zdr6Z3GhskRoj0LxCbHVcw2nh/","previousCounter":0,"rootKey":"Nt5UusYsUwQccYZGbRVOxXyqohiaW1oam0q8kobOE6I="},"indexInfo":{"baseKey":"BTKrTzuWEwL98JvwO6nz6PWrKAV5ZpYBeLB/nqv9+Wps","baseKeyType":1,"closed":-1,"used":1742490564297,"created":1742490564297,"remoteIdentityKey":"BfWMWj/er7f9/Rwlb3DSxSsLVDNH8GhQfGzfhxY2UtZu"},"_chains":{"BYIdjE2Ke8hDv13XSZ5SBdAxGLT5aL2y5IsUgRLauEJ+":{"chainKey":{"counter":0,"key":"3/or8O/1h61RDU/ndo4VXRqarNZ3Rk3j/zk40wdGPgg="},"chainType":1,"messageKeys":{}}},"pendingPreKey":{"signedKeyId":8,"baseKey":"BTKrTzuWEwL98JvwO6nz6PWrKAV5ZpYBeLB/nqv9+Wps","preKeyId":4695568}}},"version":"v1"}