{"_sessions":{"BUeGC6UJK/Dvx204fT1YLwmy7yi4WsQOo7wA/ZF65NIW":{"registrationId":1559809851,"currentRatchet":{"ephemeralKeyPair":{"pubKey":"BRL0MxPbuBwaSW4/qkcHktQdqr41pJP4WBySrR3A63VW","privKey":"cHpZK06Fk33eYPNBLa75I/mNXknIGAnsYOG0BKjeSVE="},"lastRemoteEphemeralKey":"BUqFbbI6BQMxf4Y0b4evq+bGGQQvL+xn3Pq9ZRbYK8Av","previousCounter":0,"rootKey":"YAjGHwDuTU2ncCTK0pEy92y6kXxE+emVhW6Ys/d8nUY="},"indexInfo":{"baseKey":"BUeGC6UJK/Dvx204fT1YLwmy7yi4WsQOo7wA/ZF65NIW","baseKeyType":1,"closed":-1,"used":1742490564087,"created":1742490564087,"remoteIdentityKey":"BfsEY9PD46J/xAgQ40VVS0PtH/N/y9IOHEVo7Idhrr9e"},"_chains":{"BRL0MxPbuBwaSW4/qkcHktQdqr41pJP4WBySrR3A63VW":{"chainKey":{"counter":0,"key":"Yth3VG215+5gwH95zv5gvmK6oG56uizeJ4aCSTdlXM0="},"chainType":1,"messageKeys":{}}},"pendingPreKey":{"signedKeyId":0,"baseKey":"BUeGC6UJK/Dvx204fT1YLwmy7yi4WsQOo7wA/ZF65NIW","preKeyId":14599972}}},"version":"v1"}