{"_sessions":{"BYQK2yedqW9j4tIwWAWPHFq1pefR9dtt+nT1OauE1i1+":{"registrationId":680910419,"currentRatchet":{"ephemeralKeyPair":{"pubKey":"Beme3e8sn9f5PQs5c1BCnRwbfQWqkLaz5de2UO/aC5g0","privKey":"EEX3NW/733ub+ADDhB62pHGHaaVf17wgyjLf3fr31mA="},"lastRemoteEphemeralKey":"BZR3w7n72dkhU9C4kh9xQcbJS2KmHhaJqM/GYudTnns/","previousCounter":0,"rootKey":"Ohfo0G0xXY4X/PXXvgeFn+2gvBxHTzxtjK91CWGkXAI="},"indexInfo":{"baseKey":"BYQK2yedqW9j4tIwWAWPHFq1pefR9dtt+nT1OauE1i1+","baseKeyType":1,"closed":-1,"used":1742490563973,"created":1742490563973,"remoteIdentityKey":"BW+FI6JHD0rXZQmEPur+r0SYX8WlUy2n2ycMEVdE2oIB"},"_chains":{"Beme3e8sn9f5PQs5c1BCnRwbfQWqkLaz5de2UO/aC5g0":{"chainKey":{"counter":0,"key":"SKoFH6EadYjbQhxNMwcYJ9Q64DRSUQeFjaV3bcawxuE="},"chainType":1,"messageKeys":{}}},"pendingPreKey":{"signedKeyId":2,"baseKey":"BYQK2yedqW9j4tIwWAWPHFq1pefR9dtt+nT1OauE1i1+","preKeyId":14156226}}},"version":"v1"}