{"_sessions":{"BfatwTHIgTEOYfTIBqOP7mEvNkfe46SGevIzVTdeKw89":{"registrationId":1189873187,"currentRatchet":{"ephemeralKeyPair":{"pubKey":"BYiCe0lJ+5nuXkOs3wmurPyuiK4D2iuOl/KVSKgUcL88","privKey":"0JBgXn+k7/XYgp/f3T47e3FMuk+Qfq+mpaUtlVVpRE8="},"lastRemoteEphemeralKey":"BX3h9Q2NUm2U3rE3ZHSf+dfHRpxNXYWNmoc3KWzCigoz","previousCounter":0,"rootKey":"BHFJDfN5bPx2msDvNLpAAjA6sjzQbpa1SMYEcijvKzE="},"indexInfo":{"baseKey":"BfatwTHIgTEOYfTIBqOP7mEvNkfe46SGevIzVTdeKw89","baseKeyType":2,"closed":-1,"used":1742492668764,"created":1742492668764,"remoteIdentityKey":"BVVO0KsoA0sUZ1nMCaMjT1SndMs7l9ht59diXbGwv1ZM"},"_chains":{"BX3h9Q2NUm2U3rE3ZHSf+dfHRpxNXYWNmoc3KWzCigoz":{"chainKey":{"counter":0,"key":"OY+2NA8q14U4zC4Cepvv71p6cG12mQGOhXcA4urwAMc="},"chainType":2,"messageKeys":{}},"BYiCe0lJ+5nuXkOs3wmurPyuiK4D2iuOl/KVSKgUcL88":{"chainKey":{"counter":-1,"key":"4kcT7rOgREO+yryC6u8YcR4o7OnuasUdiyDgyH+ZfwA="},"chainType":1,"messageKeys":{}}}}},"version":"v1"}