{"_sessions":{"BVqWd/mTj0IXdm1yocD0S0yvuKU3BHy7KrVYIj8Uyjdh":{"registrationId":15702,"currentRatchet":{"ephemeralKeyPair":{"pubKey":"BYtBuA1daA7yygzlQdAirVcvfxLv0bPz7ZQtiCIUidFz","privKey":"8NrA9Cve2/1bPbfISF4r9ynRsf7tOe43zVIXTAI3iW0="},"lastRemoteEphemeralKey":"BU+CEnv3BLvMhxG3pcg/i3d6OlRVGnlKum8wwrsf6t0m","previousCounter":0,"rootKey":"qhxhROZXOfQ/iJNcNi22rBjHp35i7piiGO5WDGph2s8="},"indexInfo":{"baseKey":"BVqWd/mTj0IXdm1yocD0S0yvuKU3BHy7KrVYIj8Uyjdh","baseKeyType":1,"closed":-1,"used":1742490563599,"created":1742490563599,"remoteIdentityKey":"BYuyepTOopzgdBgwAPaIzq2j7S1S+vIyps8WqdqPA5tO"},"_chains":{"BYtBuA1daA7yygzlQdAirVcvfxLv0bPz7ZQtiCIUidFz":{"chainKey":{"counter":0,"key":"vo2nFprZxx7z6DU/oGzVqSQP7pG+s9EwyDo1/oGwyGA="},"chainType":1,"messageKeys":{}}},"pendingPreKey":{"signedKeyId":1,"baseKey":"BVqWd/mTj0IXdm1yocD0S0yvuKU3BHy7KrVYIj8Uyjdh","preKeyId":331}}},"version":"v1"}