{"_sessions":{"BfqXhbrYPY5R57QrUuIC4PLGPD7kpO2MwfDDUFku8TEk":{"registrationId":1185866017,"currentRatchet":{"ephemeralKeyPair":{"pubKey":"BTOQ+OH4QiGOz0CbAsHIAPB+fwPeKt18emvs+/jnpXZo","privKey":"6GQAoVNEGHuSIIxIUI9V0xozpgIDJNQOybA1iFfURWo="},"lastRemoteEphemeralKey":"BVxfxmUpowrEwZ9HDZXzkg+sYX4ilYR8xxe3IjjK+Rcb","previousCounter":0,"rootKey":"urVn3JW98HUPbZdHNdYwKwCqeq32iKV7TCm7AMJHSHY="},"indexInfo":{"baseKey":"BfqXhbrYPY5R57QrUuIC4PLGPD7kpO2MwfDDUFku8TEk","baseKeyType":1,"closed":-1,"used":1742490563805,"created":1742490563805,"remoteIdentityKey":"BbZo3+kA86yHKg9gCoCHnAtU/el2msGEx+r6a/ScgZdP"},"_chains":{"BTOQ+OH4QiGOz0CbAsHIAPB+fwPeKt18emvs+/jnpXZo":{"chainKey":{"counter":0,"key":"56w9sCyhYobaPh69DJxlmIXwMeTUtv6G5YW7NC2o2BA="},"chainType":1,"messageKeys":{}}},"pendingPreKey":{"signedKeyId":3,"baseKey":"BfqXhbrYPY5R57QrUuIC4PLGPD7kpO2MwfDDUFku8TEk","preKeyId":1226624}}},"version":"v1"}