{"_sessions":{"BQ+klpNhpFZ92gPjdcMVLbDkrZD67+dCP17Xur4TCmp2":{"registrationId":433812758,"currentRatchet":{"ephemeralKeyPair":{"pubKey":"BezaRbwEyao8WmHzo+7kKUWq5xF1DRx2yUHA5eMocORf","privKey":"6Jp7aFxfzeEmwMLVbOr4OO98ayrnlyvN+wMiXdPh0mo="},"lastRemoteEphemeralKey":"BdmfEIOUFq4sKpto6RdeK00ZZWYEAbRO0B41xSD3BXhG","previousCounter":0,"rootKey":"9/kTUyU+PrV8jCsThHKPn0aew2auIm+Ydamtu2FUhEs="},"indexInfo":{"baseKey":"BQ+klpNhpFZ92gPjdcMVLbDkrZD67+dCP17Xur4TCmp2","baseKeyType":2,"closed":-1,"used":1742491420683,"created":1742491420683,"remoteIdentityKey":"BTAdwn5AK+G1O8tli+FR/htec9j8QUnvO9HcjsFiGrsm"},"_chains":{"BdmfEIOUFq4sKpto6RdeK00ZZWYEAbRO0B41xSD3BXhG":{"chainKey":{"counter":1,"key":"4dzjQlNAMsPBeQ/5GqYbvGTSS9EuMy595nP2gK8BOUQ="},"chainType":2,"messageKeys":{}},"BezaRbwEyao8WmHzo+7kKUWq5xF1DRx2yUHA5eMocORf":{"chainKey":{"counter":-1,"key":"GgaUt9D/GClTpcj8ui4JiWnii/QdfGdAD3i/jcXk5hE="},"chainType":1,"messageKeys":{}}}}},"version":"v1"}