{"_sessions":{"BYYBBv7jJwItimMVw9ULmk1kRZVCW/LvzWf4a2csR/t6":{"registrationId":1679784986,"currentRatchet":{"ephemeralKeyPair":{"pubKey":"BUYk2dbZAXel5KJU3GR4qG5nDIwniQ3QsD/C0qzUIMdZ","privKey":"CMBXVKwAAR6XFtccPdrN4zsrlMA58/0PTLDf7uI37GE="},"lastRemoteEphemeralKey":"BQUMAZwD+mPE5iyqti5QUPCB2syrsNVC/zmqLv0EsBBK","previousCounter":0,"rootKey":"99wJm1opzFClaoNq+ZA+Yb/kojAEpl5kVa0E9LfDNbY="},"indexInfo":{"baseKey":"BYYBBv7jJwItimMVw9ULmk1kRZVCW/LvzWf4a2csR/t6","baseKeyType":2,"closed":-1,"used":1742492302279,"created":1742492302279,"remoteIdentityKey":"BScBXBkxvWvedaYNfnYb8P9lcS0mKc+HKihDXcDF7XIh"},"_chains":{"BQUMAZwD+mPE5iyqti5QUPCB2syrsNVC/zmqLv0EsBBK":{"chainKey":{"counter":1,"key":"UCnPKVC4i1EcWsWh08Whb/gR6LPj7oHbBb5pSpciR74="},"chainType":2,"messageKeys":{}},"BUYk2dbZAXel5KJU3GR4qG5nDIwniQ3QsD/C0qzUIMdZ":{"chainKey":{"counter":-1,"key":"tDu8jj/OHtxiP0S2337F1SZjkuGtkTiwiV49EMEQCJs="},"chainType":1,"messageKeys":{}}}}},"version":"v1"}