{"_sessions":{"Beo/tsQBciTIG1kTHidTV++HjHEq6Gc/zUNeK7Uo8K4V":{"registrationId":1628348773,"currentRatchet":{"ephemeralKeyPair":{"pubKey":"Bflmy6ZtB2AJDmYNfX7ZB4X4tIg7jv1DspNYUjjquTdM","privKey":"2PlAFg/gemSSsxK+OyssiJUgZRbyYbwU081pXYVEpVk="},"lastRemoteEphemeralKey":"BYLzMpZnyVcnVMxfBy1zEk2VbF4NGldt/sxocexUnd54","previousCounter":0,"rootKey":"Rsl3PsCeINQWxP3ewm2bA/19Izysk9vDy0mmsoRo+Jo="},"indexInfo":{"baseKey":"Beo/tsQBciTIG1kTHidTV++HjHEq6Gc/zUNeK7Uo8K4V","baseKeyType":2,"closed":-1,"used":1742493366125,"created":1742493366125,"remoteIdentityKey":"Bb9VcF6OZLVSXRVe3b2tHKdpUxj/QKLuf020jsNAP7xP"},"_chains":{"BYLzMpZnyVcnVMxfBy1zEk2VbF4NGldt/sxocexUnd54":{"chainKey":{"counter":0,"key":"PzulPcVgqUsCV/Wv19uUTMw9hNFVliAEkzhZYwaeip8="},"chainType":2,"messageKeys":{}},"Bflmy6ZtB2AJDmYNfX7ZB4X4tIg7jv1DspNYUjjquTdM":{"chainKey":{"counter":-1,"key":"WsTX8p7/dbJu0nhU5ikSRrv6oFj8M4hCd07e5Ue8Ys0="},"chainType":1,"messageKeys":{}}}}},"version":"v1"}