{"_sessions":{"BcY2BWPB7zHrVXt3pro5t0mRggtHA950RyDNIOXtPt1M":{"registrationId":1657094085,"currentRatchet":{"ephemeralKeyPair":{"pubKey":"BeK5Z2u4i1WFsZfAP4EP8EX55l1h4y8qgPo/llwEb+lG","privKey":"SIJZnCIDC+CoRNfuohfVNY4T7b0J5FbtRE1ULzjNR1w="},"lastRemoteEphemeralKey":"BS/lugF2IelCCbJwwa0GIPdUJrJkjWm4IWcV2L0Cxu9T","previousCounter":0,"rootKey":"kqgOf17XNPLkjmKYU0MOGulkfGHTlA6tqe+NSrDWAyc="},"indexInfo":{"baseKey":"BcY2BWPB7zHrVXt3pro5t0mRggtHA950RyDNIOXtPt1M","baseKeyType":2,"closed":-1,"used":1742493361195,"created":1742493361195,"remoteIdentityKey":"BQDqB6jM49mDlLNJK3TxB5b+i+izpz5uHMgquWOz3yM3"},"_chains":{"BS/lugF2IelCCbJwwa0GIPdUJrJkjWm4IWcV2L0Cxu9T":{"chainKey":{"counter":0,"key":"A5Biqc/ttdJArtH9r7riA/jhbs1qDM2xy+DiMHdSCok="},"chainType":2,"messageKeys":{}},"BeK5Z2u4i1WFsZfAP4EP8EX55l1h4y8qgPo/llwEb+lG":{"chainKey":{"counter":-1,"key":"Cpk15cgCNI9PY6w7hj6hb4AeAkeZW91GvExUKPlge6s="},"chainType":1,"messageKeys":{}}}}},"version":"v1"}