{"_sessions":{"BQ734U9SDg/Jo2pv8EQ793wWfODXeGEvHquKUPlGICRJ":{"registrationId":1621273433,"currentRatchet":{"ephemeralKeyPair":{"pubKey":"BTy0INWLSJE39a+Lv1yKwReQj4B7Tq2cY7m8xYPReYEq","privKey":"GJHv65usD+Ay649Ubr9KXOOEvtXyZRMnR/QhexLcu2Y="},"lastRemoteEphemeralKey":"BQ4OgfrwkyDvh+660jj6rwktU46utzZI5wiZEkBiks5S","previousCounter":0,"rootKey":"NJ/I/eCiyrxIFbmBV5mJnCSkCeZ6WB1zyrsp+sYSir4="},"indexInfo":{"baseKey":"BQ734U9SDg/Jo2pv8EQ793wWfODXeGEvHquKUPlGICRJ","baseKeyType":1,"closed":-1,"used":1742490564499,"created":1742490564499,"remoteIdentityKey":"Bb82/vcry8ZTNzC/ZAf0xHAyBGep8lRTLthjCs29djYW"},"_chains":{"BTy0INWLSJE39a+Lv1yKwReQj4B7Tq2cY7m8xYPReYEq":{"chainKey":{"counter":0,"key":"J4uSknK7+574T3oWx1BrIG10wc3OXnJtxj2HfWM9nLM="},"chainType":1,"messageKeys":{}}},"pendingPreKey":{"signedKeyId":5,"baseKey":"BQ734U9SDg/Jo2pv8EQ793wWfODXeGEvHquKUPlGICRJ","preKeyId":3555186}}},"version":"v1"}