{"_sessions":{"BeCmF0G+zDZYoQ9t8d7X+cHPAXli73wOdlRkssyZe+tU":{"registrationId":1982,"currentRatchet":{"ephemeralKeyPair":{"pubKey":"BYytRMAC0DtW0ZGbTv8Fz8H6HCgC5fVini52nizYMol2","privKey":"eBTIjb/dJPz02MS/UKIWCaSFtRmWa0tv0NKWep8RsFs="},"lastRemoteEphemeralKey":"BSRbHYRQ3M09hC1gqt7p0v5mfSm+n4otUB5wArU8q9Np","previousCounter":0,"rootKey":"bc/8W4K8chqwfu/JVoGRAw0Rc3W9Bc+VFPY+H6ZZ3kM="},"indexInfo":{"baseKey":"BeCmF0G+zDZYoQ9t8d7X+cHPAXli73wOdlRkssyZe+tU","baseKeyType":1,"closed":-1,"used":1742490563614,"created":1742490563614,"remoteIdentityKey":"BU2hNxCNgNxS0lRkruQVYubFcyuIO+BNuhwrBcQB0pQC"},"_chains":{"BYytRMAC0DtW0ZGbTv8Fz8H6HCgC5fVini52nizYMol2":{"chainKey":{"counter":0,"key":"VhmmOhKyTyRyLQFAZdWQrA1PKn4/DlE6RrmAXhqVQss="},"chainType":1,"messageKeys":{}}},"pendingPreKey":{"signedKeyId":1,"baseKey":"BeCmF0G+zDZYoQ9t8d7X+cHPAXli73wOdlRkssyZe+tU","preKeyId":639}}},"version":"v1"}