{"_sessions":{"BWe/lBXQhiAnuBzzM5BuVcK9WZd88NU0ZQiq6q62PUk4":{"registrationId":1112464404,"currentRatchet":{"ephemeralKeyPair":{"pubKey":"BTD59NerQTyEgnP0WDAnfEEUQTjPGDIxK4O+a3tmRd04","privKey":"WOnwGLILP8bn95e0UmHb5FjGjijT5gPPvrMskd3izFo="},"lastRemoteEphemeralKey":"BQ4YAWFPADZCnMTA0HyjggawyzXMebVrw7L0SRvqTr1Q","previousCounter":0,"rootKey":"sgtH+hGnX92B8Ojo9UNArv3t2Gzedcp+aJ6TIxoQKoE="},"indexInfo":{"baseKey":"BWe/lBXQhiAnuBzzM5BuVcK9WZd88NU0ZQiq6q62PUk4","baseKeyType":1,"closed":-1,"used":1742490563710,"created":1742490563710,"remoteIdentityKey":"BVF5jOFM3JZdYquk+7ztnSI3KfZPChYnSkPlPaAxsfJa"},"_chains":{"BTD59NerQTyEgnP0WDAnfEEUQTjPGDIxK4O+a3tmRd04":{"chainKey":{"counter":0,"key":"QSpKhzVJimMdH1UUCqoxoTAZjUvDq7Z8CnYb5gtAVEk="},"chainType":1,"messageKeys":{}}},"pendingPreKey":{"signedKeyId":10,"baseKey":"BWe/lBXQhiAnuBzzM5BuVcK9WZd88NU0ZQiq6q62PUk4","preKeyId":15838362}}},"version":"v1"}