{"_sessions":{"BZtfd/kEgNGvi77rhs6Dr8mlWNm/Pewksi1Ig5V8HeAS":{"registrationId":1674201236,"currentRatchet":{"ephemeralKeyPair":{"pubKey":"Bbs2896jHmSI3ln6Py4zMhzUOWOj0CDOcaDxkv/ikAJJ","privKey":"YL3neAjUGF8OhPPMocBVubmOLjORYRqhea6MdGjWDF0="},"lastRemoteEphemeralKey":"BdwpKuHa/FMy+z9NeRInE4oHmrOQhssxTQ9VSzEMM5M/","previousCounter":0,"rootKey":"eP0jlKx9yJ347zkTEJtKH7hd0TN1uw1SR5RoFWVKlB8="},"indexInfo":{"baseKey":"BZtfd/kEgNGvi77rhs6Dr8mlWNm/Pewksi1Ig5V8HeAS","baseKeyType":1,"closed":-1,"used":1742490564301,"created":1742490564301,"remoteIdentityKey":"BX6EkrCdgCupcep0lXJy8aQxzWEItaP/qeFi+OqOVKYF"},"_chains":{"Bbs2896jHmSI3ln6Py4zMhzUOWOj0CDOcaDxkv/ikAJJ":{"chainKey":{"counter":0,"key":"ko4iRafGvjdmU6synoOvAyzVGUaNuCFnQZ2TTckQSiQ="},"chainType":1,"messageKeys":{}}},"pendingPreKey":{"signedKeyId":2,"baseKey":"BZtfd/kEgNGvi77rhs6Dr8mlWNm/Pewksi1Ig5V8HeAS","preKeyId":8346224}}},"version":"v1"}