{"_sessions":{"BepIBGqAeZzLcggSlQkXt3Iiofwye1fHa7JEpFVFIXYw":{"registrationId":34837760,"currentRatchet":{"ephemeralKeyPair":{"pubKey":"BfAIzpf7lXoVD+G+CC/UjHENUNvVbz7Uv5mccSx2beQp","privKey":"WJJSP4IIAho3wsUa/gKPpFQor+hMLixhIJBZ/c6Qkmo="},"lastRemoteEphemeralKey":"BQlxyTDcZ/bysk+LBQJJSDsMWRz6j+Rrvry7Ht2N36w4","previousCounter":0,"rootKey":"KCky96cRz+jsmFynMff2o9ue5krPG0VLA/swor3jHAc="},"indexInfo":{"baseKey":"BepIBGqAeZzLcggSlQkXt3Iiofwye1fHa7JEpFVFIXYw","baseKeyType":1,"closed":-1,"used":1742490564377,"created":1742490564377,"remoteIdentityKey":"BX4IyYgYQ7D8/vGvC7RCEnMbe8D050LZ+83q1JsXLIg9"},"_chains":{"BfAIzpf7lXoVD+G+CC/UjHENUNvVbz7Uv5mccSx2beQp":{"chainKey":{"counter":0,"key":"ScukPXwo+n9nbYllY9IB+vcLIWjza3sfMCBWZxtv7FE="},"chainType":1,"messageKeys":{}}},"pendingPreKey":{"signedKeyId":1,"baseKey":"BepIBGqAeZzLcggSlQkXt3Iiofwye1fHa7JEpFVFIXYw","preKeyId":16718287}}},"version":"v1"}