{"_sessions":{"BRHOoSpeQAsnnp8bEJTuCobXATl5n/zCZYwByCT5NSg4":{"registrationId":1825580720,"currentRatchet":{"ephemeralKeyPair":{"pubKey":"BT5PbvZ872RG94G5CZlKACTA6icTtmoWWpNNsJrSEeIw","privKey":"ELV0Bq4YScH0LQ5sRmnWlTJautRHibXZAcPtV8U2G3Y="},"lastRemoteEphemeralKey":"BRnmluKy8JUEulmVt8BuPMKgtdBWNHbCvIq10hZAV2c1","previousCounter":0,"rootKey":"LZc/RB7jLBX3S5q96nG9e0he52Tceto2cDRv4Cw44YY="},"indexInfo":{"baseKey":"BRHOoSpeQAsnnp8bEJTuCobXATl5n/zCZYwByCT5NSg4","baseKeyType":1,"closed":-1,"used":1742490564493,"created":1742490564493,"remoteIdentityKey":"BeysNDAr+6T9d3+yqqxXB3NoAGUl/PBOJO9yuyoCN5Ft"},"_chains":{"BT5PbvZ872RG94G5CZlKACTA6icTtmoWWpNNsJrSEeIw":{"chainKey":{"counter":0,"key":"kf5r+LKdKneiCTEt8Sekg9FnuOhKJUv7zUSU+E6W86Q="},"chainType":1,"messageKeys":{}}},"pendingPreKey":{"signedKeyId":2,"baseKey":"BRHOoSpeQAsnnp8bEJTuCobXATl5n/zCZYwByCT5NSg4","preKeyId":11180407}}},"version":"v1"}