{"_sessions":{"BTo7sKLGbCdRL3/TZq3kVtwbmyc6k14lJI8wbUhfd7wa":{"registrationId":432764039,"currentRatchet":{"ephemeralKeyPair":{"pubKey":"BTj9j0A4wbvQBczaGDTObO/Ewmt38Qduo2wT2tCecHNg","privKey":"uB/llWO2ZYjT1RHAm3p4Ognrgyd2AXtrmip2aU0yck8="},"lastRemoteEphemeralKey":"BSWi1WtLVjZk6BUN8NZa2+E+akB+ov8ikLhwpd67khcy","previousCounter":0,"rootKey":"aSCQDpYtYaIrfeqR4rP4CKUXS3FQiAl42g3TNHJvwlc="},"indexInfo":{"baseKey":"BTo7sKLGbCdRL3/TZq3kVtwbmyc6k14lJI8wbUhfd7wa","baseKeyType":1,"closed":-1,"used":1742490564407,"created":1742490564407,"remoteIdentityKey":"BfBJQNBfUyoAkvIJSWzzAfeE2SBZ+4/xHQDJiQAs+MYf"},"_chains":{"BTj9j0A4wbvQBczaGDTObO/Ewmt38Qduo2wT2tCecHNg":{"chainKey":{"counter":0,"key":"+0JSl4CTXwl9b8rcVE08PT0oDj19ldBo+QpDCYdU9z4="},"chainType":1,"messageKeys":{}}},"pendingPreKey":{"signedKeyId":14,"baseKey":"BTo7sKLGbCdRL3/TZq3kVtwbmyc6k14lJI8wbUhfd7wa","preKeyId":14489428}}},"version":"v1"}