{"_sessions":{"Bfcxn3W7NXtao6rh7DG5PKN89ICgXj6o1ztH4oYl9vlu":{"registrationId":546689032,"currentRatchet":{"ephemeralKeyPair":{"pubKey":"Bc0vck41nmYjgL2C1XerfDK+uyMfBVEukE6bwZwWUGtm","privKey":"iK8eDxxDlPsixNM32n6RPRs0+jxeBGR8Q4gPYHjmIW0="},"lastRemoteEphemeralKey":"BZ5medGB7Z0PWVOyAooi7titpf9dM5/Sd2WWU8mJB78u","previousCounter":0,"rootKey":"P7FqJJFZXqqFVvqbFSf3bjRCc4aJgl5jEsF++WOLZoI="},"indexInfo":{"baseKey":"Bfcxn3W7NXtao6rh7DG5PKN89ICgXj6o1ztH4oYl9vlu","baseKeyType":1,"closed":-1,"used":1742490564010,"created":1742490564010,"remoteIdentityKey":"Bc0+SmMkMmAGrOdLIW7FQEn6s2SUbSykKerGwWBVb4J6"},"_chains":{"Bc0vck41nmYjgL2C1XerfDK+uyMfBVEukE6bwZwWUGtm":{"chainKey":{"counter":0,"key":"S/kiZDkiT5GztGYOXSY7jfm4lcrx6ztGw2iAvoQ6BGg="},"chainType":1,"messageKeys":{}}},"pendingPreKey":{"signedKeyId":1,"baseKey":"Bfcxn3W7NXtao6rh7DG5PKN89ICgXj6o1ztH4oYl9vlu","preKeyId":5486865}}},"version":"v1"}