{"_sessions":{"Bdx1nvLDfGuho2KWBpKiead0TauMyeViyu/cWg5VaakW":{"registrationId":946166470,"currentRatchet":{"ephemeralKeyPair":{"pubKey":"BTZGzKPCsmfO+nOqQsz9oMHkksLfThJ/624h9VMy1yds","privKey":"YJnjf3yVwBjvhJ9LeFEX5QG3uoydVw/VXFP4JWafB1c="},"lastRemoteEphemeralKey":"BZmXqNnl0h0y2z6dCSFfylX/oa2cU2OLx4SRg72GX/Aq","previousCounter":0,"rootKey":"jbyqXKBq/f4XrAMkxFMIpmOdCKilu0Z8/t7dLPAE4L0="},"indexInfo":{"baseKey":"Bdx1nvLDfGuho2KWBpKiead0TauMyeViyu/cWg5VaakW","baseKeyType":1,"closed":-1,"used":1742490564608,"created":1742490564608,"remoteIdentityKey":"BQ372xsQxtk4JuUunr2kaC1fw2wz59no/bmbemFPAOs2"},"_chains":{"BTZGzKPCsmfO+nOqQsz9oMHkksLfThJ/624h9VMy1yds":{"chainKey":{"counter":0,"key":"Bsr/oqIBojGuoFioa2UdxQmNo+vC5sLMLlcBPKBO/cc="},"chainType":1,"messageKeys":{}}},"pendingPreKey":{"signedKeyId":4,"baseKey":"Bdx1nvLDfGuho2KWBpKiead0TauMyeViyu/cWg5VaakW","preKeyId":11156800}}},"version":"v1"}