{"_sessions":{"BZ2jknir9ySwGq8czZacyJOlWLDA52fyCWYRmbhLBbo/":{"registrationId":1209039246,"currentRatchet":{"ephemeralKeyPair":{"pubKey":"BVk2Wupwyx82aiL539jfO/MQV/BFoTvI4U4CSjhV8bVm","privKey":"cP8zq1ARyp+j0mUN1h/IcOxdmhXFJ4j3Bx9Yhw3fMFQ="},"lastRemoteEphemeralKey":"BdIIRPPryCX5TSVnd11iFz9Pyl2Own7iH9uEvBA3KGc8","previousCounter":0,"rootKey":"5HKhd8/AyjYpNAA0mwe2RjXyeuAESjU7fFD4UnCLsKM="},"indexInfo":{"baseKey":"BZ2jknir9ySwGq8czZacyJOlWLDA52fyCWYRmbhLBbo/","baseKeyType":1,"closed":-1,"used":1742490564579,"created":1742490564579,"remoteIdentityKey":"BeKWf33ep+Rw6wfzWVMJnAEDheCSSOhWI9AATyhTbDh5"},"_chains":{"BVk2Wupwyx82aiL539jfO/MQV/BFoTvI4U4CSjhV8bVm":{"chainKey":{"counter":0,"key":"TAR5/Q20t6uIvuIbwlay084rYnFWBY4RsCaBx8KdkmQ="},"chainType":1,"messageKeys":{}}},"pendingPreKey":{"signedKeyId":11,"baseKey":"BZ2jknir9ySwGq8czZacyJOlWLDA52fyCWYRmbhLBbo/","preKeyId":7252242}}},"version":"v1"}