{"_sessions":{"BWlW4kGyr4YdLGph6sMok/w0k+79P8fIjrouryJN9AZt":{"registrationId":2074418554,"currentRatchet":{"ephemeralKeyPair":{"pubKey":"BaLvTZY4AoBk6KP1wR0bxm2PU09eSX1tY87a1Cn5X7AJ","privKey":"qAasD/jNyDd/FOiuO0ur9pHHlAjwrYiMmsAiXDcZomE="},"lastRemoteEphemeralKey":"BSPFxp/blNuljTQuHSBgSsRSVSAw20D5AJhHrOPf1aoP","previousCounter":0,"rootKey":"q5KBUJW0PR/VhANG19O/kYL6C1cGFWP8iTgks9UYWCA="},"indexInfo":{"baseKey":"BWlW4kGyr4YdLGph6sMok/w0k+79P8fIjrouryJN9AZt","baseKeyType":1,"closed":-1,"used":1742490564197,"created":1742490564197,"remoteIdentityKey":"BaNHzw1qYfP+wXCuxmHL4YFe21IUyhQIMFMwmJTAVZss"},"_chains":{"BaLvTZY4AoBk6KP1wR0bxm2PU09eSX1tY87a1Cn5X7AJ":{"chainKey":{"counter":0,"key":"hYPvDhRAsm7myo/FjfDw2B4XrboBbh4ArVhSdwpKfD4="},"chainType":1,"messageKeys":{}}},"pendingPreKey":{"signedKeyId":0,"baseKey":"BWlW4kGyr4YdLGph6sMok/w0k+79P8fIjrouryJN9AZt","preKeyId":5847281}}},"version":"v1"}