{"_sessions":{"BWY5Vzmtx+R2/2k6RUJavOR1IlGbYuALgtMLBgYasWJT":{"registrationId":355600586,"currentRatchet":{"ephemeralKeyPair":{"pubKey":"BdfQi0v8Uh5oX0xyvwFUcxBCaIzXphJxpOrIplm+tldn","privKey":"ABGtUigMVcGlKqIo+VOFGyiSN4a/SpCN9vUPJ3FVq1U="},"lastRemoteEphemeralKey":"BR023dhLp1NrMU+vsVm51KKeOzS/jiWN50y33ZY2GGF5","previousCounter":0,"rootKey":"OggTFXGxEbblg09dfMQl/PKe2ACT1EcaM/CjY0HSfwY="},"indexInfo":{"baseKey":"BWY5Vzmtx+R2/2k6RUJavOR1IlGbYuALgtMLBgYasWJT","baseKeyType":1,"closed":-1,"used":1742490564582,"created":1742490564582,"remoteIdentityKey":"BSQU2gudJMOY3IeyZYwM4LnQbonseRQB5QU13NxGTVwR"},"_chains":{"BdfQi0v8Uh5oX0xyvwFUcxBCaIzXphJxpOrIplm+tldn":{"chainKey":{"counter":0,"key":"qrj3a0qvm0Q2leJCvAXfnJCes9z81qOYgPIPsj+6PWk="},"chainType":1,"messageKeys":{}}},"pendingPreKey":{"signedKeyId":9,"baseKey":"BWY5Vzmtx+R2/2k6RUJavOR1IlGbYuALgtMLBgYasWJT","preKeyId":4292972}}},"version":"v1"}