{"_sessions":{"Bab9dUjWqwTsWQfzJ9SfaiEKGl0zBPdb6EY2kutZciNA":{"registrationId":1820624256,"currentRatchet":{"ephemeralKeyPair":{"pubKey":"BWpwtsSbH+MMUaLe3asjHXeMKCmQbskhd3pDuPafm84/","privKey":"oJyM+we02VBqAp7UdLcvfMfq+6Wqtgoxx9IYBl1o20M="},"lastRemoteEphemeralKey":"BYQsgVKqzMKPR1A8vd5MWKOzRpgadXDWZ6QRqndS3htg","previousCounter":0,"rootKey":"n9jWwdB70gn03Qb4PFLQSL6AMPOeVb8e/UqM4fg8kwk="},"indexInfo":{"baseKey":"Bab9dUjWqwTsWQfzJ9SfaiEKGl0zBPdb6EY2kutZciNA","baseKeyType":2,"closed":-1,"used":1742492300996,"created":1742492300996,"remoteIdentityKey":"BSCodsdZ0x+UQAOIOXSrZYQx9pSq1ZREkSirqghlvTtu"},"_chains":{"BYQsgVKqzMKPR1A8vd5MWKOzRpgadXDWZ6QRqndS3htg":{"chainKey":{"counter":1,"key":"0dUinvVZOAJYzbQwUNcH2PEg0PSDDe+R8xl+h5c+OYg="},"chainType":2,"messageKeys":{}},"BWpwtsSbH+MMUaLe3asjHXeMKCmQbskhd3pDuPafm84/":{"chainKey":{"counter":-1,"key":"pTxix+t0wUITQ3+Ppmf+NLhGqJrtv0yTTMyphd+j2vA="},"chainType":1,"messageKeys":{}}}}},"version":"v1"}