{"_sessions":{"BV5zjRjugnDefjhtxf4XynUc5IkuWZlQgb1GbWz5calV":{"registrationId":136808165,"currentRatchet":{"ephemeralKeyPair":{"pubKey":"BdlFFtsIhnThKgVE/oOcYoYIub/KKKeqIeaZzQq4THQS","privKey":"mH7ZIouv/iRFQHjfSHvEv7mOR4BNbYel3f5HWhtWsn0="},"lastRemoteEphemeralKey":"BYma+mEXFC+6geHHoqD9yNs3U2AUowSyubhG2CmRRi15","previousCounter":0,"rootKey":"ei8xm3J/m6AcBlm+K9MKYpr7URs3xeXTnOoYpWlAzXU="},"indexInfo":{"baseKey":"BV5zjRjugnDefjhtxf4XynUc5IkuWZlQgb1GbWz5calV","baseKeyType":1,"closed":-1,"used":1742490564680,"created":1742490564680,"remoteIdentityKey":"BUs0UkOCY8OGoyORmr1s/5KPZxADJEEAUvlNLDlURdYC"},"_chains":{"BdlFFtsIhnThKgVE/oOcYoYIub/KKKeqIeaZzQq4THQS":{"chainKey":{"counter":0,"key":"btLKAISvXsVNQ71TkcOvHf1x90t2cJ/qbFmTnZkjBRE="},"chainType":1,"messageKeys":{}}},"pendingPreKey":{"signedKeyId":2,"baseKey":"BV5zjRjugnDefjhtxf4XynUc5IkuWZlQgb1GbWz5calV","preKeyId":10563497}}},"version":"v1"}