{"_sessions":{"BQIaoqUa8Np4fAog1JmSDk1axtdUACmrArnSh2ZjoQoB":{"registrationId":772863961,"currentRatchet":{"ephemeralKeyPair":{"pubKey":"BcctpX4HFD9xph2HTEy58qa5s6a5/Ug2XscXa9EQRBkU","privKey":"iJTbZv+wcNMVREiYPnP9bObky9QDuJyqLcHb7PrTTU8="},"lastRemoteEphemeralKey":"BV233x1kgXcTXEdj5GKxrwil3HOrGHMrIvHc3uGsCPRA","previousCounter":0,"rootKey":"xi9JrYtteb7pZwpZDbgyhLxwKqPu/32ilCIJ1hfxmSY="},"indexInfo":{"baseKey":"BQIaoqUa8Np4fAog1JmSDk1axtdUACmrArnSh2ZjoQoB","baseKeyType":1,"closed":-1,"used":1742490563994,"created":1742490563994,"remoteIdentityKey":"Bc7Hu37fMF7a9645al4CYJT3mVaHmeVpOnXZyCfMbzQ1"},"_chains":{"BcctpX4HFD9xph2HTEy58qa5s6a5/Ug2XscXa9EQRBkU":{"chainKey":{"counter":0,"key":"nh98JMhjDUX2MO3eUes6SbNigRx6UNAUTx5Ivu+QEys="},"chainType":1,"messageKeys":{}}},"pendingPreKey":{"signedKeyId":2,"baseKey":"BQIaoqUa8Np4fAog1JmSDk1axtdUACmrArnSh2ZjoQoB","preKeyId":16043379}}},"version":"v1"}