{"_sessions":{"BaaMU7Z94mxi6qqr+d3X70lClfR51pV68GZt7tIEfeA/":{"registrationId":1773272480,"currentRatchet":{"ephemeralKeyPair":{"pubKey":"BarngsiWhssxir2FNs/M0S/Ti6LrPGitT3N2w6RtnURL","privKey":"wAATqeNPIqIstCPlo/3+kqZY/rBiIdZncG5nLQGfsHc="},"lastRemoteEphemeralKey":"BeNxbAhBdpgOmpiEOjL4FATUNNh7hc8gjoktGPoU6793","previousCounter":0,"rootKey":"LcvOeA/A242WYND/3xJCR4qgrsGRcLgbaPFYYVYR7K8="},"indexInfo":{"baseKey":"BaaMU7Z94mxi6qqr+d3X70lClfR51pV68GZt7tIEfeA/","baseKeyType":1,"closed":-1,"used":1742490564601,"created":1742490564601,"remoteIdentityKey":"BQhIf3xZ6eHu6fuc5xufxBlgjXpxMpSE9Qo0PPj76ZRE"},"_chains":{"BarngsiWhssxir2FNs/M0S/Ti6LrPGitT3N2w6RtnURL":{"chainKey":{"counter":0,"key":"I9LhVBhzjUZZrDN3fTztpPJkq1z6ToEMB3fh0lFRaV0="},"chainType":1,"messageKeys":{}}},"pendingPreKey":{"signedKeyId":2,"baseKey":"BaaMU7Z94mxi6qqr+d3X70lClfR51pV68GZt7tIEfeA/","preKeyId":124769}}},"version":"v1"}