{"_sessions":{"BbDoel95WvIclSXSNk44o0xQW5IN1ay9t6Hhz2RnZK4u":{"registrationId":2107450206,"currentRatchet":{"ephemeralKeyPair":{"pubKey":"BRQ6pNdfvl85HYCQMnFkgRtJMmeubmAiz76sfyoOGg05","privKey":"8HZjjRZuwFRfg06nVA7V5FPJX+CGkYGXPWpOVal5O0k="},"lastRemoteEphemeralKey":"BVswJKF9X+rEBXtHp09AsK+DKWmy4JfCpebqmnR88mJ4","previousCounter":0,"rootKey":"rjU/n7tAYn5yp18lP2ZYxisPiJhk/smFHVZ7lJk6Ako="},"indexInfo":{"baseKey":"BbDoel95WvIclSXSNk44o0xQW5IN1ay9t6Hhz2RnZK4u","baseKeyType":1,"closed":-1,"used":1742490563790,"created":1742490563790,"remoteIdentityKey":"BWNLPSyXFrF18Rea2hYRZtFtnwKUQca18gKB90p5mUgn"},"_chains":{"BRQ6pNdfvl85HYCQMnFkgRtJMmeubmAiz76sfyoOGg05":{"chainKey":{"counter":0,"key":"uFWUyfzCMYolG+xMPv75FtPdmT4RoZ7AEqRqheqY/kM="},"chainType":1,"messageKeys":{}}},"pendingPreKey":{"signedKeyId":25,"baseKey":"BbDoel95WvIclSXSNk44o0xQW5IN1ay9t6Hhz2RnZK4u","preKeyId":16579423}}},"version":"v1"}