{"_sessions":{"BYWL2f4rc/2+X9GAmhaehF+l5LYYY4ZHh2SjYstIiO8B":{"registrationId":830726736,"currentRatchet":{"ephemeralKeyPair":{"pubKey":"BYUmN4QSomcyqrbgywN2mCuxyfxuXMEkjYE94sRegxFA","privKey":"sGYXJ24xNfV+iHQyaA2YAznB9ntej9jFfTu9NsRg6nM="},"lastRemoteEphemeralKey":"BWTqkpT+gKTMTzMxi9wkgE5MteVNgqQIu4b+gp1CdDJv","previousCounter":0,"rootKey":"BA/Sb4uE2Srmr6Ed6eKvLleSMaeRADaLCE8waBeR2yk="},"indexInfo":{"baseKey":"BYWL2f4rc/2+X9GAmhaehF+l5LYYY4ZHh2SjYstIiO8B","baseKeyType":2,"closed":-1,"used":1742491420710,"created":1742491420710,"remoteIdentityKey":"BZS7c5w/eZrzxh0V/D2ZR0X2QDpyhUeh5wNSD1FHxY4Z"},"_chains":{"BWTqkpT+gKTMTzMxi9wkgE5MteVNgqQIu4b+gp1CdDJv":{"chainKey":{"counter":1,"key":"KMVGIZlcJURT5ysDsGVbkwdS488rJ/OXgrGfyXPhW9w="},"chainType":2,"messageKeys":{}},"BYUmN4QSomcyqrbgywN2mCuxyfxuXMEkjYE94sRegxFA":{"chainKey":{"counter":-1,"key":"UE0jGFPMAArhqf5NSujeOrvMSadg2rqsz7itbAhd8Lk="},"chainType":1,"messageKeys":{}}}}},"version":"v1"}