{"_sessions":{"BUfMMAiuH4u2c2giis5GoZkg7IfH78j1UhjAluDG5b8l":{"registrationId":625545230,"currentRatchet":{"ephemeralKeyPair":{"pubKey":"BTB/CdoQLH9Thigc3ZKnKFQxC7582INWR4/jnKPrR1Al","privKey":"cOmkh94Wm4lRxVt0mCcd7wBj2SBSRT4UYRZ2UZiBLkM="},"lastRemoteEphemeralKey":"BZ5CX66P43vyFCjqMZHqg9FbBRyYwxDFVTjRX7oHfNcz","previousCounter":0,"rootKey":"gfl4DWl8bm7u4iVRc2sHIUgScjHB2kP7XMPJfUc4z+k="},"indexInfo":{"baseKey":"BUfMMAiuH4u2c2giis5GoZkg7IfH78j1UhjAluDG5b8l","baseKeyType":1,"closed":-1,"used":1742490563872,"created":1742490563872,"remoteIdentityKey":"BeS3DQI4nd18wf9M0GuEGDMp6NH4F13OcTyfhqwbFZQf"},"_chains":{"BTB/CdoQLH9Thigc3ZKnKFQxC7582INWR4/jnKPrR1Al":{"chainKey":{"counter":0,"key":"1p3r/PlrJFvYXTfKrbYO7VOvl6aq46/sGRyg3JGhAZs="},"chainType":1,"messageKeys":{}}},"pendingPreKey":{"signedKeyId":22,"baseKey":"BUfMMAiuH4u2c2giis5GoZkg7IfH78j1UhjAluDG5b8l","preKeyId":5758362}}},"version":"v1"}