{"_sessions":{"BdH7kfl00N7kVH9HgAkZrU0MKSTnixh33Fce5Q9MZa1c":{"registrationId":240413636,"currentRatchet":{"ephemeralKeyPair":{"pubKey":"BaXg/r4XGLwuoRKIFsjE8K8VLJtrf3I+q58qyLPvwdYN","privKey":"wMWB833ED4bHEnP7+rYm5Nki41/fYK+xZNuvVRJDLFI="},"lastRemoteEphemeralKey":"Bfp1QBEVNw+6lR4mKwur3GsWDUDYL1ICPh18koxsasgu","previousCounter":0,"rootKey":"Y/oYlgNSeDwsC5XIY9zlIP1IfgnvTTayCZqE3Vo+3qU="},"indexInfo":{"baseKey":"BdH7kfl00N7kVH9HgAkZrU0MKSTnixh33Fce5Q9MZa1c","baseKeyType":1,"closed":-1,"used":1742490564170,"created":1742490564170,"remoteIdentityKey":"BUxtIIo/HNpmDXU71Tve72ZYU6D8PsdQyC88lIur6VkR"},"_chains":{"BaXg/r4XGLwuoRKIFsjE8K8VLJtrf3I+q58qyLPvwdYN":{"chainKey":{"counter":0,"key":"FYgrd9+XI+ilX5ZazaZLO9gZIjGc0Ssh6ocwxDZujMA="},"chainType":1,"messageKeys":{}}},"pendingPreKey":{"signedKeyId":0,"baseKey":"BdH7kfl00N7kVH9HgAkZrU0MKSTnixh33Fce5Q9MZa1c","preKeyId":12614440}}},"version":"v1"}