{"_sessions":{"BfznsVLQ5LhKOKFpC3zfJNZfaGerzmZaMJKC4ebQtAQU":{"registrationId":366623156,"currentRatchet":{"ephemeralKeyPair":{"pubKey":"BYrcwi5E+V2ZBpdvzmvwOgJlRNb7nm7jwcQ1DnQvG8li","privKey":"aGc5bbGmmJZKXDCSK6uwwupwoeMKgOXPCx4tu4SWEk4="},"lastRemoteEphemeralKey":"BdKkInVEfP9rgSR58Lol/mjcyD6TDCuUDxhGO+09cno8","previousCounter":0,"rootKey":"Gtcv78xbpYf5maNJOHZq2/VcXGccotKHo13nq6tn+IA="},"indexInfo":{"baseKey":"BfznsVLQ5LhKOKFpC3zfJNZfaGerzmZaMJKC4ebQtAQU","baseKeyType":1,"closed":-1,"used":1742490564188,"created":1742490564188,"remoteIdentityKey":"BTWzhJfjPHQZEyo1YN7u75U1FOlZ+uuFMRww6Ts+5RIF"},"_chains":{"BYrcwi5E+V2ZBpdvzmvwOgJlRNb7nm7jwcQ1DnQvG8li":{"chainKey":{"counter":0,"key":"gOEtrKz5EW5J/snyvTu4/rW/k0gWpddocBx5FGZ/B6E="},"chainType":1,"messageKeys":{}}},"pendingPreKey":{"signedKeyId":1,"baseKey":"BfznsVLQ5LhKOKFpC3zfJNZfaGerzmZaMJKC4ebQtAQU","preKeyId":1611636}}},"version":"v1"}