{"_sessions":{"BR9YATFGwHocw5mox0UDtQPrrmoy3cYah7CX3t6ytjJk":{"registrationId":1570977992,"currentRatchet":{"ephemeralKeyPair":{"pubKey":"BUb3oRVbww8e4vFetGKYmN3ZKMHmf165Mt/bXwHPcQE2","privKey":"6ML1/Ff4w8ZZzPM0SiAv/DwrHmERsWwXzjwhrBonU3Q="},"lastRemoteEphemeralKey":"BZ8Jqv43HvOGi89NtVVq1QKFcmmRNBveEKY/hsq5YWMh","previousCounter":0,"rootKey":"utFB51wazC4khKVgxtciCgXe+uERUiBQzgbPSUvor7U="},"indexInfo":{"baseKey":"BR9YATFGwHocw5mox0UDtQPrrmoy3cYah7CX3t6ytjJk","baseKeyType":1,"closed":-1,"used":1742490564099,"created":1742490564099,"remoteIdentityKey":"BWfFSIu2NFOjSTWUnfSxBdlbKz2455asj5TvjnlQVCMv"},"_chains":{"BUb3oRVbww8e4vFetGKYmN3ZKMHmf165Mt/bXwHPcQE2":{"chainKey":{"counter":0,"key":"LV/D6k3Y80NEDOzHGDyhVJt58I0IH5KxyjabHURbxP4="},"chainType":1,"messageKeys":{}}},"pendingPreKey":{"signedKeyId":16,"baseKey":"BR9YATFGwHocw5mox0UDtQPrrmoy3cYah7CX3t6ytjJk","preKeyId":16188797}}},"version":"v1"}