{"_sessions":{"BTZMdV2n+mAe3ewVw1TmSc8eDZhZV3F1Co/C8O7kKnwD":{"registrationId":1041049780,"currentRatchet":{"ephemeralKeyPair":{"pubKey":"BeVXl7No8TiPrWdjDikVnZRJlgvG79fVkRCn9W0uUAx+","privKey":"+FRyEtcFUy+cP/XdRgbn1FjJ4oU5Y+qopJvlEv7CZm0="},"lastRemoteEphemeralKey":"Bc4b5mazAIC85BcNdyhla7xumWOYwXG2MrQPJNnIL5g9","previousCounter":0,"rootKey":"qdCMEZsRGpf6xMH1AdPpdBV1puTZFSLg0DmstrPPsKI="},"indexInfo":{"baseKey":"BTZMdV2n+mAe3ewVw1TmSc8eDZhZV3F1Co/C8O7kKnwD","baseKeyType":1,"closed":-1,"used":1742490564483,"created":1742490564483,"remoteIdentityKey":"BY4iiYOLikvLvnX1g1EW00a1lNDNYX5v/qFPV/9ilGwR"},"_chains":{"BeVXl7No8TiPrWdjDikVnZRJlgvG79fVkRCn9W0uUAx+":{"chainKey":{"counter":0,"key":"eR4Dz1TzjRzbZ1xRXDGfYhYeOBFm8l07VRtvgnQiF1c="},"chainType":1,"messageKeys":{}}},"pendingPreKey":{"signedKeyId":9,"baseKey":"BTZMdV2n+mAe3ewVw1TmSc8eDZhZV3F1Co/C8O7kKnwD","preKeyId":915301}}},"version":"v1"}