{"_sessions":{"BYLNnkuu5A//l8WwlceGBz6PNFXmPTjpWKIFP9VGlSA0":{"registrationId":148015709,"currentRatchet":{"ephemeralKeyPair":{"pubKey":"BXhDv59roF87TSTiIh/obSt4evXI5wDG+bMOav5vCbt1","privKey":"CMQYl5yqxeKyXhnu0JqRU+ETzHNEI70ZLVtBFFMUE2I="},"lastRemoteEphemeralKey":"BepY7S6+/s9D8On12C+ZQAvfG0HlJKRqac3TwfJtfVoH","previousCounter":0,"rootKey":"3X22pqw6RSGc55/q086RdQs7H7lYbg7r3/GvPtifHdA="},"indexInfo":{"baseKey":"BYLNnkuu5A//l8WwlceGBz6PNFXmPTjpWKIFP9VGlSA0","baseKeyType":1,"closed":-1,"used":1742490564176,"created":1742490564176,"remoteIdentityKey":"BSL/LojG7p5UymwJFI4CQA+d3lJ5t3qgBhq7VDsqPZc0"},"_chains":{"BXhDv59roF87TSTiIh/obSt4evXI5wDG+bMOav5vCbt1":{"chainKey":{"counter":0,"key":"d5r6yVnsRP7VfbbZITNKZztDJOzX3Va36OLd2XRloIg="},"chainType":1,"messageKeys":{}}},"pendingPreKey":{"signedKeyId":2,"baseKey":"BYLNnkuu5A//l8WwlceGBz6PNFXmPTjpWKIFP9VGlSA0","preKeyId":11660176}}},"version":"v1"}