{"_sessions":{"BZEGK2SZt36rD4fuk9Q8K6N8cbo7jVhM22mVlb4ZwYhe":{"registrationId":1166970760,"currentRatchet":{"ephemeralKeyPair":{"pubKey":"Bcq3ud+aqL+qEazvjo44y9RH64bW48wcZogfq4sMP3Rn","privKey":"yBR6voEmt1ZGvbU0A5wVQr+lEV1RfY2EL6mzW/6w1Xg="},"lastRemoteEphemeralKey":"BaPveHEL7K+fKdsx2EHOZ4NbKowlYXUf2WIGBzt9Qzhc","previousCounter":0,"rootKey":"NSUgF6lCvai5Nv0kawRFUgzSLoh7+L024ZUdxj4ivmw="},"indexInfo":{"baseKey":"BZEGK2SZt36rD4fuk9Q8K6N8cbo7jVhM22mVlb4ZwYhe","baseKeyType":2,"closed":-1,"used":1742492301591,"created":1742492301591,"remoteIdentityKey":"BYq26PiPukWT/zSXMKsY/pbVoZQJyeU3rWA0Se2RowY5"},"_chains":{"BaPveHEL7K+fKdsx2EHOZ4NbKowlYXUf2WIGBzt9Qzhc":{"chainKey":{"counter":1,"key":"gOgyi2hs3E9xzycD+YmCfCqXTUOc8d8PivEK4smV7Vw="},"chainType":2,"messageKeys":{}},"Bcq3ud+aqL+qEazvjo44y9RH64bW48wcZogfq4sMP3Rn":{"chainKey":{"counter":-1,"key":"ILkUg605JLuq25RBALH+BimXPy/hCpKXzas5dB2HI7g="},"chainType":1,"messageKeys":{}}}}},"version":"v1"}