{"_sessions":{"BaOvxLjkFTBBW7uG0H24+u6woN1LhoKIgeXffL7eCpot":{"registrationId":1552510152,"currentRatchet":{"ephemeralKeyPair":{"pubKey":"BbxaQvOuplSU1dcyk6SnBT2MbNCQGA51omG8XQXHLuNU","privKey":"ECU55tVYTKSB5p1PobuB/98+HKvQxEnkeSpckoLuFnY="},"lastRemoteEphemeralKey":"BQJl8sr2j1kLsSR0j2Vql7ievqx7/QYunYprq7FTo6li","previousCounter":0,"rootKey":"ZhNZmz4cHz1Tt6YHKfPYCy4O3UJLCZ9oTux6AlRoUXA="},"indexInfo":{"baseKey":"BaOvxLjkFTBBW7uG0H24+u6woN1LhoKIgeXffL7eCpot","baseKeyType":1,"closed":-1,"used":1742490563777,"created":1742490563777,"remoteIdentityKey":"Baar395Q1LCs3ygCMqh0QjfPFTjxOyk6aE9Z2JMaO1Yj"},"_chains":{"BbxaQvOuplSU1dcyk6SnBT2MbNCQGA51omG8XQXHLuNU":{"chainKey":{"counter":0,"key":"iqKWvNlKZOmv3GV+b1fNcrYD6UY3dd3SoV+A76ZZzvw="},"chainType":1,"messageKeys":{}}},"pendingPreKey":{"signedKeyId":1,"baseKey":"BaOvxLjkFTBBW7uG0H24+u6woN1LhoKIgeXffL7eCpot","preKeyId":6204788}}},"version":"v1"}