{"_sessions":{"BWV6RsddmlweZjrHSCsYgoElfD/1iisU8eoo2RJaPuty":{"registrationId":1207758809,"currentRatchet":{"ephemeralKeyPair":{"pubKey":"BUfOMgcJ2Pxfpnurd1MOkCkeo6uX2i6ID2au/Q6kCOcg","privKey":"2KbHQbzMBtWPnp4vqBisIp4cCbhX4I5AX0Ik0LYmXUQ="},"lastRemoteEphemeralKey":"BTwvfadEmS3E9GTsbZVjV0Z3syEuHdPDJEbHDEbP/IZL","previousCounter":0,"rootKey":"iGC3bZbDgDrxFeHI6YmDwkGQS2bzefxI4Kre1ZkIETs="},"indexInfo":{"baseKey":"BWV6RsddmlweZjrHSCsYgoElfD/1iisU8eoo2RJaPuty","baseKeyType":1,"closed":-1,"used":1742490563881,"created":1742490563881,"remoteIdentityKey":"BftbYVC1Z2VQ0Rco+scIJwezGnOO3KUIHDXE13GGaOp1"},"_chains":{"BUfOMgcJ2Pxfpnurd1MOkCkeo6uX2i6ID2au/Q6kCOcg":{"chainKey":{"counter":0,"key":"5pBNisluIqGd3lDpUoY1sWtW8h+40QmFizT61rc+2ME="},"chainType":1,"messageKeys":{}}},"pendingPreKey":{"signedKeyId":16,"baseKey":"BWV6RsddmlweZjrHSCsYgoElfD/1iisU8eoo2RJaPuty","preKeyId":7641034}}},"version":"v1"}