{"_sessions":{"BQj8JkVpCbHUPDvzJvwSG/TJ+4TrFML8qYx8tzAILalL":{"registrationId":371222941,"currentRatchet":{"ephemeralKeyPair":{"pubKey":"BYGDhQSvc9PTsGuaDLxqJERdwEkf1HS6hjSUZvEUtgN5","privKey":"qK/ur3gu26qwSQd6+HR1ogLZlWd5xJPK+ALkQlB0X0M="},"lastRemoteEphemeralKey":"BY6Hiunuf02C7bwkQWBAwDeCL9KxcaV855+bxrI2t1J3","previousCounter":0,"rootKey":"O/wx5quV2LznjHSjp0o5QHMXL041cKziN+GR0RytFRI="},"indexInfo":{"baseKey":"BQj8JkVpCbHUPDvzJvwSG/TJ+4TrFML8qYx8tzAILalL","baseKeyType":1,"closed":-1,"used":1742490564206,"created":1742490564206,"remoteIdentityKey":"BWJuKTt5DWUBkj8MXWAHSPwWJP3sGjyjyZi/rrwjJ/RI"},"_chains":{"BYGDhQSvc9PTsGuaDLxqJERdwEkf1HS6hjSUZvEUtgN5":{"chainKey":{"counter":0,"key":"mP8pFidcC+UGQBJ4tX0K72iIKNw0xVoLcCy/hQ4fxE8="},"chainType":1,"messageKeys":{}}},"pendingPreKey":{"signedKeyId":0,"baseKey":"BQj8JkVpCbHUPDvzJvwSG/TJ+4TrFML8qYx8tzAILalL","preKeyId":1808621}}},"version":"v1"}