{"_sessions":{"BaKKmKU7cxvPr0KDkUt9NKB9OcT5QxjOGwSFWJHVOL0t":{"registrationId":259619705,"currentRatchet":{"ephemeralKeyPair":{"pubKey":"BXnTQ+BgPi/xw4ZO2Cl0z3nonlUB9PC6AchSKxPjvdRm","privKey":"yFU41Wc9LfozHSXuVdMr6jyv1qa/RV3KJuSqMJL4CE4="},"lastRemoteEphemeralKey":"BSQeBaypXZ1pokUUYGvs3+BRa8WgjWNqmVsmrjOmO9wy","previousCounter":0,"rootKey":"WCcWXtq5I1t/qg1JS7QZDtmD4/0twMx4DRnSwkm/5e8="},"indexInfo":{"baseKey":"BaKKmKU7cxvPr0KDkUt9NKB9OcT5QxjOGwSFWJHVOL0t","baseKeyType":2,"closed":-1,"used":1742492302309,"created":1742492302309,"remoteIdentityKey":"BSLXdjguX4zYnhaL4unvI9CJpfvFF1FVoBUXGxXmckID"},"_chains":{"BSQeBaypXZ1pokUUYGvs3+BRa8WgjWNqmVsmrjOmO9wy":{"chainKey":{"counter":0,"key":"NUT4q/Yczcilzcx+RvuamNcZtEhTRDj8TgsGmtvPQw0="},"chainType":2,"messageKeys":{}},"BXnTQ+BgPi/xw4ZO2Cl0z3nonlUB9PC6AchSKxPjvdRm":{"chainKey":{"counter":-1,"key":"ZjWNwNcM4tXK90wHAH0OGSSRsTMFPvfUt5XxwKdJqMI="},"chainType":1,"messageKeys":{}}}}},"version":"v1"}