{"_sessions":{"BbVp04pKl6Zo8hp2dG58TeSKyqorthh9sabk1wsrYMFX":{"registrationId":1094943470,"currentRatchet":{"ephemeralKeyPair":{"pubKey":"BcuO3keptxEM+9lryZskHkCvnj2JKoG0a9gkNSH4irAQ","privKey":"QKgK/oxtj3yhyeUA8Zi8DE8iXyr5IRcOV7qbqYnvSWQ="},"lastRemoteEphemeralKey":"BcRbx2qJ8gXhXLxfB1xoWR1N0wEegNOCRaPpycILWht6","previousCounter":0,"rootKey":"ytNJG2Be4ihBCif1BsA88JW0VwvBdhEtT/MgSb0WYRM="},"indexInfo":{"baseKey":"BbVp04pKl6Zo8hp2dG58TeSKyqorthh9sabk1wsrYMFX","baseKeyType":2,"closed":-1,"used":1742492301771,"created":1742492301771,"remoteIdentityKey":"BY1O/MqWabL5f6JAcvHuEuBCfApC3yIPbqsvjk+1rWxi"},"_chains":{"BcRbx2qJ8gXhXLxfB1xoWR1N0wEegNOCRaPpycILWht6":{"chainKey":{"counter":1,"key":"W314X4a1RjPG9i4APaOHTMCTjSj3DrY1AT4LOcdfPJk="},"chainType":2,"messageKeys":{}},"BcuO3keptxEM+9lryZskHkCvnj2JKoG0a9gkNSH4irAQ":{"chainKey":{"counter":-1,"key":"FMl9NYrdchhGrmWdkEjXHwgsgsF3DgN4ze1ayw81LuM="},"chainType":1,"messageKeys":{}}}}},"version":"v1"}