{"_sessions":{"BV45J81q+HOQ45Aeg3np5BWcDfu2+ZwIJDz7W4XFeSA3":{"registrationId":435086003,"currentRatchet":{"ephemeralKeyPair":{"pubKey":"BcqEVhpXR925gmE9VrnxK1J6IKzEgQnp9ky+5rcLQZFp","privKey":"MG1tUUm2yYG82nbbPQATWV4Elf611u5/aW7oeSklVHc="},"lastRemoteEphemeralKey":"BU7JeZbgkF/RZLXoxNNyFIA+/mA7/VtcOQg2SprpV18J","previousCounter":0,"rootKey":"aKi0WgpcGSGaEZ5OiCZ96P0Dx1kMuPsLnxj4SdAW2xA="},"indexInfo":{"baseKey":"BV45J81q+HOQ45Aeg3np5BWcDfu2+ZwIJDz7W4XFeSA3","baseKeyType":1,"closed":-1,"used":1742490564194,"created":1742490564194,"remoteIdentityKey":"BYXTpQQ92iTc3WUBz6qgHkKyoJ70H4IJZB2NuLFPzHIi"},"_chains":{"BcqEVhpXR925gmE9VrnxK1J6IKzEgQnp9ky+5rcLQZFp":{"chainKey":{"counter":0,"key":"5gWNakX6kqAgeiZqhnCo76RHckU4VdZ0DXQ2IhwRXWU="},"chainType":1,"messageKeys":{}}},"pendingPreKey":{"signedKeyId":5,"baseKey":"BV45J81q+HOQ45Aeg3np5BWcDfu2+ZwIJDz7W4XFeSA3","preKeyId":1681124}}},"version":"v1"}