{"_sessions":{"BfKndH5akiDI5YsP9Xyc/Rj8QvcqboGmZQCrtkbTOqky":{"registrationId":1757792161,"currentRatchet":{"ephemeralKeyPair":{"pubKey":"BcDfAEThidxwDUhXrxOOtnS81wUm6RyVB2OmN4PF3VAZ","privKey":"SC1A7HLUZ7e2QHJKRUvyvmYiedvkgh00mvJkNPfeNFw="},"lastRemoteEphemeralKey":"BVrkjzdDOjRwVjg/NvThM6Hr3uAU0Ers5xkJb1EFaEdY","previousCounter":0,"rootKey":"KWWXe1r6hxeWDwTI+5I6/1Ij5Jcg6TrgCrkg4N6Iq9o="},"indexInfo":{"baseKey":"BfKndH5akiDI5YsP9Xyc/Rj8QvcqboGmZQCrtkbTOqky","baseKeyType":2,"closed":-1,"used":1742491420606,"created":1742491420606,"remoteIdentityKey":"BQtLgXNMfpsjOFWroOESgU1uN/c0qlmbVOTA9ycIqCEU"},"_chains":{"BVrkjzdDOjRwVjg/NvThM6Hr3uAU0Ers5xkJb1EFaEdY":{"chainKey":{"counter":0,"key":"/JiUFikmJpbaPs3Q1omiMJqgSfdJw2PDm4zGGJGknMY="},"chainType":2,"messageKeys":{}},"BcDfAEThidxwDUhXrxOOtnS81wUm6RyVB2OmN4PF3VAZ":{"chainKey":{"counter":-1,"key":"mVRULKE2gECMm0jZjcp6IcaBhhteBEKmwR1xOOTyDEQ="},"chainType":1,"messageKeys":{}}}}},"version":"v1"}