{"_sessions":{"BeRfftfS32x3oZ98WFL+iAPkEahSp3tmsLSnM+YYCl4V":{"registrationId":1713476371,"currentRatchet":{"ephemeralKeyPair":{"pubKey":"BXytvffp8upCX8Dpph6ZydOLBwtstQ27rDBGZ9t2yp4C","privKey":"kJPs8bt8JsLt9L75lKn94wh0xVfbpmm8jYVzWeKj+HY="},"lastRemoteEphemeralKey":"BU4Jg5ON+XpkU0mwN1XV7YlDsUWtVCqsQEPbpU2h5s9c","previousCounter":0,"rootKey":"GzCkGmgLMdj+2v6h3yTaf/tHGGpoROJWZpRuQmUePT4="},"indexInfo":{"baseKey":"BeRfftfS32x3oZ98WFL+iAPkEahSp3tmsLSnM+YYCl4V","baseKeyType":2,"closed":-1,"used":1742492669117,"created":1742492669117,"remoteIdentityKey":"BbrO3sCdtFXeSdg2wtqCaHACK8GBEMU22g2d9SUQk/Bh"},"_chains":{"BU4Jg5ON+XpkU0mwN1XV7YlDsUWtVCqsQEPbpU2h5s9c":{"chainKey":{"counter":0,"key":"qap4f1SVAxEKvUk5y9h75FBU9ULdj0DmXmhkXc60tkA="},"chainType":2,"messageKeys":{}},"BXytvffp8upCX8Dpph6ZydOLBwtstQ27rDBGZ9t2yp4C":{"chainKey":{"counter":-1,"key":"kVTEKMTbqBv2ktwHzB66IOcEhkDX9VCK5CuHNQ1aWmo="},"chainType":1,"messageKeys":{}}}}},"version":"v1"}