{"_sessions":{"BcImqdM5KYww5orGWzsVJlKEhO866CITM0nY0EJjjKUR":{"registrationId":1420870602,"currentRatchet":{"ephemeralKeyPair":{"pubKey":"BVeCnYQwPbOJFwthiziFuxrwuqkpjSFB3WIj/WULBNpD","privKey":"IPQCAwHWl/xD0W7EyBu6tFXfTCw0usbz7t4i0cPuWGM="},"lastRemoteEphemeralKey":"BUhuylaCuWhTAa/Im4I3LiK2vwuDuz0cDRikobXGkTpS","previousCounter":0,"rootKey":"8/9J7Lj3IRh5XgXiLEWmtLIsUZHPbwT32h4Xf4enfP8="},"indexInfo":{"baseKey":"BcImqdM5KYww5orGWzsVJlKEhO866CITM0nY0EJjjKUR","baseKeyType":1,"closed":-1,"used":1742490564496,"created":1742490564496,"remoteIdentityKey":"BfZinhoD9M2zlj7/j8Q/yCos6zStFEPHzMw0ocq1z2J+"},"_chains":{"BVeCnYQwPbOJFwthiziFuxrwuqkpjSFB3WIj/WULBNpD":{"chainKey":{"counter":0,"key":"q36HmmT5tDYrEMSMhHjUE81b1Enz5UjEKO+pZqrHH3Q="},"chainType":1,"messageKeys":{}}},"pendingPreKey":{"signedKeyId":4,"baseKey":"BcImqdM5KYww5orGWzsVJlKEhO866CITM0nY0EJjjKUR","preKeyId":6257787}}},"version":"v1"}