{"_sessions":{"BR+bvDud4e/Rx0wHqdWGA2+VNhaHS0uSH0Vy1iYFALcm":{"registrationId":785554241,"currentRatchet":{"ephemeralKeyPair":{"pubKey":"BUKBMrp18SyiNHAgvMO1VezcP2+qE1Yg1Mym3Pf6bHJ+","privKey":"wGl2e4x+Wp4MM7kE4SWlnI3kmGWv5VKiHRyZJKFE71M="},"lastRemoteEphemeralKey":"BTRXXjoyG/MvPFrRc51np4ottzNbWtQJAf00yP5FgRMM","previousCounter":0,"rootKey":"7ey6sddmVcgSyXcCf+82kU/JoKoBXDXc/HXONACjuBE="},"indexInfo":{"baseKey":"BR+bvDud4e/Rx0wHqdWGA2+VNhaHS0uSH0Vy1iYFALcm","baseKeyType":1,"closed":-1,"used":1742490563691,"created":1742490563691,"remoteIdentityKey":"BfFW8GixhAByLhDSNyDATmD5QSK8ZLY3KcE7u8iMzbA+"},"_chains":{"BUKBMrp18SyiNHAgvMO1VezcP2+qE1Yg1Mym3Pf6bHJ+":{"chainKey":{"counter":0,"key":"fAoK4UarxFJ1yywVA1+CKhUk2uOSS97ky47FfZgaDk0="},"chainType":1,"messageKeys":{}}},"pendingPreKey":{"signedKeyId":2,"baseKey":"BR+bvDud4e/Rx0wHqdWGA2+VNhaHS0uSH0Vy1iYFALcm","preKeyId":15177132}}},"version":"v1"}