{"_sessions":{"Bdqh1vTlsDXcWh4vv1IVVNAF9zXiLve7zudnYLjT8Txc":{"registrationId":867437219,"currentRatchet":{"ephemeralKeyPair":{"pubKey":"BWDNqZvG2WGZP8NgjRynRRx/ZzQjumYibkfn/bda+vcN","privKey":"mLeUMaGCJv8aJs0EkgKDi4FyDZDdkYOPhL5EwAetpUQ="},"lastRemoteEphemeralKey":"BdYcxICoi41XpdUSgTi0YUnclINyJEBl1Tq20Uo7qA12","previousCounter":0,"rootKey":"XqtSXEGtxITSfvhD1FKzKq5NMlfKifKkpCvEIak0rvM="},"indexInfo":{"baseKey":"Bdqh1vTlsDXcWh4vv1IVVNAF9zXiLve7zudnYLjT8Txc","baseKeyType":1,"closed":-1,"used":1742490564001,"created":1742490564001,"remoteIdentityKey":"BRf/3+v1kbkvnHMJHhCjBxSyQ6GqFWDqzxZK4ptQY9gm"},"_chains":{"BWDNqZvG2WGZP8NgjRynRRx/ZzQjumYibkfn/bda+vcN":{"chainKey":{"counter":0,"key":"DV6exKSKvcJS4XSErlRl+VzSBGKYbiJWq+BviNTUZVw="},"chainType":1,"messageKeys":{}}},"pendingPreKey":{"signedKeyId":0,"baseKey":"Bdqh1vTlsDXcWh4vv1IVVNAF9zXiLve7zudnYLjT8Txc","preKeyId":3297263}}},"version":"v1"}