{"_sessions":{"BQzH7MGsSjU3UToz0kB2m2fPrvAKhBc0Wigp+N5YtN0y":{"registrationId":672373068,"currentRatchet":{"ephemeralKeyPair":{"pubKey":"BcDYglsPzyd1zIs51Pe6rmaJ2fm9XXtGSPQBxcNglb4u","privKey":"4IxlqsSN28lSpKBWaduvr5M88xxXTw1mK/ouwQa3mU4="},"lastRemoteEphemeralKey":"Bctjl7C+4NgxUKJGh85lQUcShZqV5RmQF4uL5iHUr2VO","previousCounter":0,"rootKey":"hbRMH9Ht0UD7LrSoclXtQvbbS/FE7SztD2cuPsOnB9k="},"indexInfo":{"baseKey":"BQzH7MGsSjU3UToz0kB2m2fPrvAKhBc0Wigp+N5YtN0y","baseKeyType":1,"closed":-1,"used":1742490563891,"created":1742490563891,"remoteIdentityKey":"BX7rASBfsmR55kPeWeRQ8n6HNZW61bMfIzhZSIQpbqsG"},"_chains":{"BcDYglsPzyd1zIs51Pe6rmaJ2fm9XXtGSPQBxcNglb4u":{"chainKey":{"counter":0,"key":"AudRvhuCwOjo96O5ZRWWCX0VbNTHFZElRFaUnjbNtvg="},"chainType":1,"messageKeys":{}}},"pendingPreKey":{"signedKeyId":5,"baseKey":"BQzH7MGsSjU3UToz0kB2m2fPrvAKhBc0Wigp+N5YtN0y","preKeyId":16464876}}},"version":"v1"}