{"_sessions":{"BReWQpRq8pCbwKho98OQwicbNeeJ7z/JWdo25M2LvYZn":{"registrationId":9259,"currentRatchet":{"ephemeralKeyPair":{"pubKey":"BVdFaW7sIrajUkfwCsvPuF+K2oTPtZpJy5B2gdE9L9J6","privKey":"OOI1p4zOyruBLJ9ujYJHI1jkZkcCtNHYdjZdHgcILE8="},"lastRemoteEphemeralKey":"BbBD5MK8IR5zl4qnkkBCCsiBlWkYY+NogHsKBVcPg5Jo","previousCounter":0,"rootKey":"812jHOcVHjjI6t36q91K2IlhBvVJSnvPl5aZQDBfFrs="},"indexInfo":{"baseKey":"BReWQpRq8pCbwKho98OQwicbNeeJ7z/JWdo25M2LvYZn","baseKeyType":1,"closed":-1,"used":1742490563680,"created":1742490563680,"remoteIdentityKey":"BaHje+ZSVNZmWXly/6ui2wu9+fwSRLPqzVMl0zrz145T"},"_chains":{"BVdFaW7sIrajUkfwCsvPuF+K2oTPtZpJy5B2gdE9L9J6":{"chainKey":{"counter":0,"key":"RTkIHYTz7eP2lA/KvrTZGHu18EnO7XANAH09KNB4ihE="},"chainType":1,"messageKeys":{}}},"pendingPreKey":{"signedKeyId":1,"baseKey":"BReWQpRq8pCbwKho98OQwicbNeeJ7z/JWdo25M2LvYZn"}}},"version":"v1"}