{"_sessions":{"BbCmST2C5oxG2Qk6+Vp/T7czgd35pxnGIs2XSABOO7sv":{"registrationId":1290364100,"currentRatchet":{"ephemeralKeyPair":{"pubKey":"BSPb2VayVE+X2KJoQ5YyTPAcqlb3KjsFOgp5rwFxSiA6","privKey":"cEQSWUR+yS/U7FuAdGaOmer7CHqSGQmME0vXigPMUFQ="},"lastRemoteEphemeralKey":"BV3NYYUgeszoe0Z9/PmAXf75lRGcSRvCsTUXWempZ+kT","previousCounter":0,"rootKey":"RgdliQ+A5IFHhx/O0wfqsM+O6bD3YjUZTCSZoSrRbQs="},"indexInfo":{"baseKey":"BbCmST2C5oxG2Qk6+Vp/T7czgd35pxnGIs2XSABOO7sv","baseKeyType":1,"closed":-1,"used":1742490564410,"created":1742490564410,"remoteIdentityKey":"BQH/8zjxqCCsGRYQjj8PTjLwkgQcZvbeNpaeIMvYdS0h"},"_chains":{"BSPb2VayVE+X2KJoQ5YyTPAcqlb3KjsFOgp5rwFxSiA6":{"chainKey":{"counter":0,"key":"IAtJRQb1yMKgj4pz0s9mSPOsh19d+NoMVWyDWi/J3Pk="},"chainType":1,"messageKeys":{}}},"pendingPreKey":{"signedKeyId":2,"baseKey":"BbCmST2C5oxG2Qk6+Vp/T7czgd35pxnGIs2XSABOO7sv","preKeyId":10772144}}},"version":"v1"}