{"_sessions":{"BWPIyYVN46oncgN74Ujwa5yEhyYlG1erzIVB8ARIhmYg":{"registrationId":1427070698,"currentRatchet":{"ephemeralKeyPair":{"pubKey":"BQomgcAFJEnKXLAaZ2SjYd+PZ2SuFIItt1EJ75O2RMtp","privKey":"MFTWV942DZjoN9sxlgx96QQTHbTgIzpbeR0jyvZEMVg="},"lastRemoteEphemeralKey":"BYRzIg1jw54h9sLsgnZGiUOt2JYmX8XZQB3R1jbdR0on","previousCounter":0,"rootKey":"Gi/NmYOEHDg1eKYtemfhrTLnYUoKNpEvJDDonasm7FI="},"indexInfo":{"baseKey":"BWPIyYVN46oncgN74Ujwa5yEhyYlG1erzIVB8ARIhmYg","baseKeyType":2,"closed":-1,"used":1742491419775,"created":1742491419775,"remoteIdentityKey":"BSgVM+Q8LaTqHgLld7JHtUSLaMcHvsT7wDyoMyQIHBkG"},"_chains":{"BYRzIg1jw54h9sLsgnZGiUOt2JYmX8XZQB3R1jbdR0on":{"chainKey":{"counter":0,"key":"qgAJrWaT6/BRzHp70xUUEHwxwYBR901KPu9FwECoSBE="},"chainType":2,"messageKeys":{}},"BQomgcAFJEnKXLAaZ2SjYd+PZ2SuFIItt1EJ75O2RMtp":{"chainKey":{"counter":-1,"key":"5ryc8PxU+roJ5m3ugnMXYkyi00ClRxK7LwRlgPfZKnQ="},"chainType":1,"messageKeys":{}}}}},"version":"v1"}