{"_sessions":{"BRJH6Jy7lVSmEfNZMzikGMllvIAYS2toRK59ZXSxGuEc":{"registrationId":1460429550,"currentRatchet":{"ephemeralKeyPair":{"pubKey":"BViukmXHvUky6kCNUeuQSw1D2owykTayMppXrsGyk088","privKey":"AHKkaGsnVU54iXPXsrmBSHENIY2RqaQ+IfRk9x6sWGY="},"lastRemoteEphemeralKey":"BXLdquslkGQtUDmvxVwEsvXYYhuXtn46OtlmOBhMIwtZ","previousCounter":0,"rootKey":"hZN8vBqs2RsJureCWB+wroGVXdlWgCLbioL0843wfvs="},"indexInfo":{"baseKey":"BRJH6Jy7lVSmEfNZMzikGMllvIAYS2toRK59ZXSxGuEc","baseKeyType":1,"closed":-1,"used":1742490563808,"created":1742490563808,"remoteIdentityKey":"BdF40mMO5ty9MOmGGtePa5/Mz849ZipmyBjit0lKe9Ab"},"_chains":{"BViukmXHvUky6kCNUeuQSw1D2owykTayMppXrsGyk088":{"chainKey":{"counter":0,"key":"0ibSBMOpYchy3h8FcFlpu2xx0MfjATHmdtJNpMvYFQI="},"chainType":1,"messageKeys":{}}},"pendingPreKey":{"signedKeyId":7,"baseKey":"BRJH6Jy7lVSmEfNZMzikGMllvIAYS2toRK59ZXSxGuEc","preKeyId":11473771}}},"version":"v1"}