{"_sessions":{"BZbZx3I/GA3Algp7TOq9jYrdt9P3XC+At3J7xzT0BscV":{"registrationId":235282105,"currentRatchet":{"ephemeralKeyPair":{"pubKey":"BdHJ5D3tXT1dcmn9FiEPvtrfgjvUu07HtArTDKmxZ19s","privKey":"4KovvmIOnH8qou+EDbrlaBHXoYiaMpiZCjFb+uFdhHA="},"lastRemoteEphemeralKey":"BYhoGDroi00EMugJ4AlE3Was6oTaJwzraZO3cgtwDxQt","previousCounter":0,"rootKey":"cYGwRTEA3mbEY2gaxSqWuNieR/dQTv6tRoFWZF1CwMk="},"indexInfo":{"baseKey":"BZbZx3I/GA3Algp7TOq9jYrdt9P3XC+At3J7xzT0BscV","baseKeyType":2,"closed":-1,"used":1742492668520,"created":1742492668520,"remoteIdentityKey":"BQKPd6uDkkOREtlgM5a8TFCSlI5TZeYsADHPoSpQysQd"},"_chains":{"BYhoGDroi00EMugJ4AlE3Was6oTaJwzraZO3cgtwDxQt":{"chainKey":{"counter":0,"key":"IsjoNKLF//R/lzOtcC1ffNaQjR7bDDAW+eh5S2b3yeM="},"chainType":2,"messageKeys":{}},"BdHJ5D3tXT1dcmn9FiEPvtrfgjvUu07HtArTDKmxZ19s":{"chainKey":{"counter":-1,"key":"xIiiaqaX9nTMOtPFliXl1qIpGMyavslA7xglNjjXY0k="},"chainType":1,"messageKeys":{}}}}},"version":"v1"}