{"_sessions":{"BcoDZJbPnPptGO0xGUJKY/MEw7ntHaFoOlAHatuR0RAE":{"registrationId":1039668150,"currentRatchet":{"ephemeralKeyPair":{"pubKey":"BaktjH5teISpjsGUuSRjlW2Apawoj+JYeSz2UdyaH9Am","privKey":"UBEA1tDIQD0YbJZki0dsF81kJo7YVJTKrcyczziNIHE="},"lastRemoteEphemeralKey":"BdyItDGmDvEf/Zd2+FABS0/5ikbNql1fA6CiKoA+1rdf","previousCounter":0,"rootKey":"ZrJyb5hwBs6VtXJ2DIHPwnGDcZnNUq2OrXLZ8uuF414="},"indexInfo":{"baseKey":"BcoDZJbPnPptGO0xGUJKY/MEw7ntHaFoOlAHatuR0RAE","baseKeyType":2,"closed":-1,"used":1742492302371,"created":1742492302371,"remoteIdentityKey":"BQw5ekhbyytzIR2LoTvkyEWnQzCWtdGPYmhgVQbGSqBm"},"_chains":{"BdyItDGmDvEf/Zd2+FABS0/5ikbNql1fA6CiKoA+1rdf":{"chainKey":{"counter":1,"key":"8r0UlYPGIq9jkucZjNlSmVfT80fOO3ZyBuTxPKp8hi4="},"chainType":2,"messageKeys":{}},"BaktjH5teISpjsGUuSRjlW2Apawoj+JYeSz2UdyaH9Am":{"chainKey":{"counter":-1,"key":"oZJHk0bHEiNiAL+yqvwDnJkQPuwMnwawTzjg+ea3XH0="},"chainType":1,"messageKeys":{}}}}},"version":"v1"}