{"_sessions":{"BQGnxwckDLZchBrdMS5xLJmpLohhQ/yrhioUA36xhJd2":{"registrationId":927767664,"currentRatchet":{"ephemeralKeyPair":{"pubKey":"BakRdAlcyOIc1YglpAIQPrwnjHMCG8rxLDigingxcYgS","privKey":"qInMhFH2zu4f7gPsyjuFBeQZh2mJxawn/sGzLj+pPXM="},"lastRemoteEphemeralKey":"BS3yAyBwknpuzaVakwylVaadSpdBCxdcwdWAlBCzHy90","previousCounter":0,"rootKey":"7W+O0AAIGtcvBPaJcCZSvzJiHxAnm12rTPr2KHHiRS0="},"indexInfo":{"baseKey":"BQGnxwckDLZchBrdMS5xLJmpLohhQ/yrhioUA36xhJd2","baseKeyType":2,"closed":-1,"used":1742490545617,"created":1742490545617,"remoteIdentityKey":"BTFDgw5NSdWxfF7zPwcQ1Qoe4SNMXNbK/fOruaDKYMof"},"_chains":{"BS3yAyBwknpuzaVakwylVaadSpdBCxdcwdWAlBCzHy90":{"chainKey":{"counter":0,"key":"Xk6D9TCuPl2R/Pl43A1YZQGn9UMzZ8OHDq4ICy7zvpI="},"chainType":2,"messageKeys":{}},"BakRdAlcyOIc1YglpAIQPrwnjHMCG8rxLDigingxcYgS":{"chainKey":{"counter":-1,"key":"g16l89tmZWz8aaZDKzWmTEAdD/hswbcZJzKCN+Iwtag="},"chainType":1,"messageKeys":{}}}}},"version":"v1"}