{"_sessions":{"BWeR+E63d6w1q7YmSKCcM1G+HTe50aIMcoxlIzQd6S9R":{"registrationId":1377615017,"currentRatchet":{"ephemeralKeyPair":{"pubKey":"BcApg7hrbK6NgWQ6Y3FeUeGsoXNP8M9YWG8V9N9iLmw6","privKey":"gL5MztCpoZ+JDP/zvDTaDcmm/LXKvwIBIH7nCXBA5F8="},"lastRemoteEphemeralKey":"BZtEYbwxfsb7UXf9sgUVeDF1bagWhQUmP+CYFb8H8r4q","previousCounter":0,"rootKey":"3xP+QGYZ1VijaO3/tu2hALLfPKwQBcshyYeGH+PserE="},"indexInfo":{"baseKey":"BWeR+E63d6w1q7YmSKCcM1G+HTe50aIMcoxlIzQd6S9R","baseKeyType":1,"closed":-1,"used":1742490563991,"created":1742490563991,"remoteIdentityKey":"BQyFuNofTFCaA1OLwc0TES1eSNVj2dps24PSFlN5jE1V"},"_chains":{"BcApg7hrbK6NgWQ6Y3FeUeGsoXNP8M9YWG8V9N9iLmw6":{"chainKey":{"counter":0,"key":"7ieU7DsCAtTq8WA9Kt44gosivGwH+xGESgfAOurpOAs="},"chainType":1,"messageKeys":{}}},"pendingPreKey":{"signedKeyId":0,"baseKey":"BWeR+E63d6w1q7YmSKCcM1G+HTe50aIMcoxlIzQd6S9R","preKeyId":14162000}}},"version":"v1"}