{"_sessions":{"BeXeIFRx2KTlyOdPoAd8DU+nMIETIvPzBSXn9Wb73BMC":{"registrationId":1117196322,"currentRatchet":{"ephemeralKeyPair":{"pubKey":"BdK4TZk1WuNPitFlT9Hm6Cov0UetNL6LspQM8bdFsaF5","privKey":"4KyQWCpiolWdKFrGP+afGZ4g4Tt9g7U/KeZeO0T6HUc="},"lastRemoteEphemeralKey":"BQu2UrXAq1tNzR7Jkfk8lP+ffU62lAzADerLwuOQOQUe","previousCounter":0,"rootKey":"TwrB8rSAcTgD+V/lEp+gXjLf2vn7sRXgFFrSzuKfz58="},"indexInfo":{"baseKey":"BeXeIFRx2KTlyOdPoAd8DU+nMIETIvPzBSXn9Wb73BMC","baseKeyType":1,"closed":-1,"used":1742490563701,"created":1742490563701,"remoteIdentityKey":"BShSszVCYVdVf5O9g7fRsPW14yDSB6o5zl44q4yc2+90"},"_chains":{"BdK4TZk1WuNPitFlT9Hm6Cov0UetNL6LspQM8bdFsaF5":{"chainKey":{"counter":0,"key":"mr4cpBUTvrjhC1kGIZkTYxXNoSxwDmGZir1hErj/Luo="},"chainType":1,"messageKeys":{}}},"pendingPreKey":{"signedKeyId":6,"baseKey":"BeXeIFRx2KTlyOdPoAd8DU+nMIETIvPzBSXn9Wb73BMC","preKeyId":868802}}},"version":"v1"}