{"_sessions":{"BYGsh19YVWZO7qm6kQYLFpOsyGXJKSN2k3bsYg9YcuQI":{"registrationId":12005,"currentRatchet":{"ephemeralKeyPair":{"pubKey":"BWUcwjcxzG3lO81P+mIqZL4+rVmwrMtpebZOt8hF4WNy","privKey":"mEzxTIRhGsassnG5HphQuhSiXtVHcQf+7Xspt+wEX3o="},"lastRemoteEphemeralKey":"BfXeeg6de15BipubyBZAa6HO5iSMzKXWhH9sYK7aGzB3","previousCounter":0,"rootKey":"aaN66OIi9MxOJMzEFuAUYGRbFjgLFT8OSKbVqADTbtc="},"indexInfo":{"baseKey":"BYGsh19YVWZO7qm6kQYLFpOsyGXJKSN2k3bsYg9YcuQI","baseKeyType":1,"closed":-1,"used":1742490563671,"created":1742490563671,"remoteIdentityKey":"BU/Lx7hwsWcIJ5CyO04XjxSS1UesmtCEa3aKz6qxm2k3"},"_chains":{"BWUcwjcxzG3lO81P+mIqZL4+rVmwrMtpebZOt8hF4WNy":{"chainKey":{"counter":0,"key":"MgPsTL7lLnWzZFeP3plRzqIdQfWUxgkBO7PHJPhKtU0="},"chainType":1,"messageKeys":{}}},"pendingPreKey":{"signedKeyId":1,"baseKey":"BYGsh19YVWZO7qm6kQYLFpOsyGXJKSN2k3bsYg9YcuQI","preKeyId":576}}},"version":"v1"}