{"_sessions":{"Bd4ZBQY0rI6fOEv9QRvSrFLtYpOYl5dG11KP/ToA2GsE":{"registrationId":803490198,"currentRatchet":{"ephemeralKeyPair":{"pubKey":"BWCol3Nu5NDiBf+KFQs0x3sQV2S4nP1OeYvnnf+/gUMT","privKey":"0D3Yr/5WPdiFn6KFKcSrT+rdbqWnOoY8Q3/6XQ4nMVk="},"lastRemoteEphemeralKey":"BY+TJy8WmSVjTzkXIjoGa5q10wpfZ5IMyxP0v3Rt1Gkm","previousCounter":0,"rootKey":"IvjhyrkfGdRw6LZ+0uPzn7GJXA+Nbe6X+L4KjRmjZrY="},"indexInfo":{"baseKey":"Bd4ZBQY0rI6fOEv9QRvSrFLtYpOYl5dG11KP/ToA2GsE","baseKeyType":2,"closed":-1,"used":1742492303077,"created":1742492303077,"remoteIdentityKey":"BRzCMRCdwBBNmdjoNPn6R0p50OWEJJWZ3TkZgw+oh+A+"},"_chains":{"BY+TJy8WmSVjTzkXIjoGa5q10wpfZ5IMyxP0v3Rt1Gkm":{"chainKey":{"counter":1,"key":"f/+/KN9bzoFeoKf6qKyED0stZmVJ0dL4HprwtIuGTPU="},"chainType":2,"messageKeys":{}},"BWCol3Nu5NDiBf+KFQs0x3sQV2S4nP1OeYvnnf+/gUMT":{"chainKey":{"counter":-1,"key":"Bg5LUfhBY/UYAckaLucdkHcmOaNbHIFxe0h6eC11i3A="},"chainType":1,"messageKeys":{}}}}},"version":"v1"}