{"_sessions":{"BZSElfe5GQL6399szUmDyW8gVXO3IVVIhLwCt06x7CpS":{"registrationId":1869925165,"currentRatchet":{"ephemeralKeyPair":{"pubKey":"BT2dBvMhwQ+0u39bH6VSkAGtXu5LPQUv3lNI1AXk0C5z","privKey":"YIIKEbb8ixddB4VPC3MprxH+UxiFU8Vlrg+T/ZCTt2c="},"lastRemoteEphemeralKey":"BXje/4zodTxvGm644SDTi6Fk8q9qu5E2HM5nr5o6Hgwc","previousCounter":0,"rootKey":"GlpgtQm7bGgv64lKJSF3XAsGk0+Je5F1RTrrXn+bPeM="},"indexInfo":{"baseKey":"BZSElfe5GQL6399szUmDyW8gVXO3IVVIhLwCt06x7CpS","baseKeyType":2,"closed":-1,"used":1742492302578,"created":1742492302578,"remoteIdentityKey":"BZXdEVCC7LqTwlm3Rd4NsIP6UqwCktcH3HW3UkM0+9Vr"},"_chains":{"BXje/4zodTxvGm644SDTi6Fk8q9qu5E2HM5nr5o6Hgwc":{"chainKey":{"counter":0,"key":"TkI1bsMsl7/4vuzjy7lhKZQ7uNaJtYzfCAjh190/9hQ="},"chainType":2,"messageKeys":{}},"BT2dBvMhwQ+0u39bH6VSkAGtXu5LPQUv3lNI1AXk0C5z":{"chainKey":{"counter":-1,"key":"yd/AHwkO43O651MfM/WIs+6TCVrwM5eoQkyjeVXZIUM="},"chainType":1,"messageKeys":{}}}}},"version":"v1"}