{"_sessions":{"Be2SBcfGrimYDCfcpQKZqOsbdhiJ4QRxpnW3vSZWQxAZ":{"registrationId":388203938,"currentRatchet":{"ephemeralKeyPair":{"pubKey":"BXA038AJthI2teNIo7zQlRS0D2fBha7eb2IAUoLouMs1","privKey":"uBNvHRcaFFYM3obqqskRf8kzsSTHxtNVFOKfC2aA3Hc="},"lastRemoteEphemeralKey":"BUYSA59aOuWEYaomiT/buxIf8I3onrEYmDjpSQFJA7YI","previousCounter":0,"rootKey":"UJLB7IhyGSr58jMF98m2Z/Uk+mBT36LRyP3Vz30nd70="},"indexInfo":{"baseKey":"Be2SBcfGrimYDCfcpQKZqOsbdhiJ4QRxpnW3vSZWQxAZ","baseKeyType":1,"closed":-1,"used":1742490563979,"created":1742490563979,"remoteIdentityKey":"BcBdkOOVq9XA7RNWDpMJe9M9NceJ16M4Gs5T3xD5ZkBl"},"_chains":{"BXA038AJthI2teNIo7zQlRS0D2fBha7eb2IAUoLouMs1":{"chainKey":{"counter":0,"key":"AzCGsaJjnGjlX8cPu87y7QGXsJw4Yt5kXM3o9GneR2g="},"chainType":1,"messageKeys":{}}},"pendingPreKey":{"signedKeyId":4,"baseKey":"Be2SBcfGrimYDCfcpQKZqOsbdhiJ4QRxpnW3vSZWQxAZ","preKeyId":252720}}},"version":"v1"}