{"_sessions":{"BfDhtJEKBgiMgj5tCF1VBNEllX/uetQfru6WVO+3whIB":{"registrationId":1715150001,"currentRatchet":{"ephemeralKeyPair":{"pubKey":"BSuTfiZgElv9qRj2ojpsbdFiK7zInV9AHkXIV8uqNvsW","privKey":"2FmOnAoAFlie+tta3V62CsCR8UXFosiOicbP19Owd0Q="},"lastRemoteEphemeralKey":"BV3HNznCvcDdXSB6S/T+ybkhxyvhYBgUuKaBE/EhQddm","previousCounter":0,"rootKey":"mQ7pLYIRMcXwEqzQNTqkYmINaEQvJi0Qlyw9UOox1/Q="},"indexInfo":{"baseKey":"BfDhtJEKBgiMgj5tCF1VBNEllX/uetQfru6WVO+3whIB","baseKeyType":1,"closed":-1,"used":1742490564185,"created":1742490564185,"remoteIdentityKey":"BXvVb0NXMbeXBXWk6Ipq2My8rx2Un5HZ6ZR8i+0ZOkhd"},"_chains":{"BSuTfiZgElv9qRj2ojpsbdFiK7zInV9AHkXIV8uqNvsW":{"chainKey":{"counter":0,"key":"xjsJQ+PJuxR9W+Rj5jpXHf4SPtF2XEbg47f/LOP+6GY="},"chainType":1,"messageKeys":{}}},"pendingPreKey":{"signedKeyId":0,"baseKey":"BfDhtJEKBgiMgj5tCF1VBNEllX/uetQfru6WVO+3whIB"}}},"version":"v1"}