{"_sessions":{"BRidfB1wkAmDi//Lq2CO+105YrHQYDHxLghmmUV5Nq52":{"registrationId":1293342997,"currentRatchet":{"ephemeralKeyPair":{"pubKey":"BezoTnkAva3jVuOw8Rou5CT3ChRr0LQ62BpyCGpyA4gy","privKey":"SC0S25BtNUvPPX6ZrDuEtwPkfMydEAMyw7+Y+HZel2M="},"lastRemoteEphemeralKey":"BWZgEtPqDsuEISDcGRRxZCVhBUPUw17E4i1JKBzSEtl4","previousCounter":0,"rootKey":"hbRQNFpv8n1o6PyiWOeP+T/mqHbCeLFsXdCT3phH+f8="},"indexInfo":{"baseKey":"BRidfB1wkAmDi//Lq2CO+105YrHQYDHxLghmmUV5Nq52","baseKeyType":1,"closed":-1,"used":1742490616310,"created":1742490564068,"remoteIdentityKey":"BfgcxUX/SqCzGfiSxfuUrnBUAB9LkNHVQ0mcXHHWzaQ1"},"_chains":{"BWZgEtPqDsuEISDcGRRxZCVhBUPUw17E4i1JKBzSEtl4":{"chainKey":{"counter":1,"key":"SAFjKlFkD/ia5OuF49q6HIQQPsCigDzQ7EJlaWOckhI="},"chainType":2,"messageKeys":{}},"BezoTnkAva3jVuOw8Rou5CT3ChRr0LQ62BpyCGpyA4gy":{"chainKey":{"counter":-1,"key":"uh/W8jAA32Y9MHGyboW4fX+vrNhYj1WFjmkcBtIBNFA="},"chainType":1,"messageKeys":{}}}}},"version":"v1"}