{"_sessions":{"BVBpTscy4B+PI7Nuzt0t3arW6LkvxFcUBvNGN2ONU/4G":{"registrationId":78625887,"currentRatchet":{"ephemeralKeyPair":{"pubKey":"Bc0rVE1CehHbzbbgWJyIOuXgA5dlh9d7azyPUa6IY4lJ","privKey":"6BvpjRmaYNEiWLTUalAwHiWB1vm0ZQjfY2Mr2h+SXUo="},"lastRemoteEphemeralKey":"BUikF846AMF4ebdxdAlACNZqXaBDvDkeL/gLgMQNjaxM","previousCounter":0,"rootKey":"ILc1ne5x6XkGE+hxc5eNyGJw4hxqBtFc1za4gsXZROE="},"indexInfo":{"baseKey":"BVBpTscy4B+PI7Nuzt0t3arW6LkvxFcUBvNGN2ONU/4G","baseKeyType":1,"closed":-1,"used":1742490564595,"created":1742490564595,"remoteIdentityKey":"BXu5HxdjynoU8sAv06Gee307NvwvSBapNbaH1S/pi94N"},"_chains":{"Bc0rVE1CehHbzbbgWJyIOuXgA5dlh9d7azyPUa6IY4lJ":{"chainKey":{"counter":0,"key":"isT+0XoqFpf0A3nQavkYnuoSYG+F3owOMV8ky9vcZdQ="},"chainType":1,"messageKeys":{}}},"pendingPreKey":{"signedKeyId":10,"baseKey":"BVBpTscy4B+PI7Nuzt0t3arW6LkvxFcUBvNGN2ONU/4G","preKeyId":8421941}}},"version":"v1"}