{"_sessions":{"Bf3l8rpyOQgATJEvnwu6qzjpQWvoQsw8M2tawOT+yxoR":{"registrationId":879032684,"currentRatchet":{"ephemeralKeyPair":{"pubKey":"BdHjlE6aPVEAMt2NKTxbPk6z7ZkChJ7P13MA+UShGd5h","privKey":"YBW08XbaH9zqhrrzqeJw2b0ElIDPwaF5xoR2eUvnVWI="},"lastRemoteEphemeralKey":"BSCBk11uP17XzpbdKgu3K4X/zEtvwXHJkJJbX1NzuPEb","previousCounter":0,"rootKey":"IYsPn2KotGL6ygdTFn1OnKFonj68NMlqiJXmfD5iBEw="},"indexInfo":{"baseKey":"Bf3l8rpyOQgATJEvnwu6qzjpQWvoQsw8M2tawOT+yxoR","baseKeyType":2,"closed":-1,"used":1742490602209,"created":1742490602209,"remoteIdentityKey":"Bd6NITvzOYj3rj7IAHLaIgRoykEVnN/XLvhxepdICkQT"},"_chains":{"BSCBk11uP17XzpbdKgu3K4X/zEtvwXHJkJJbX1NzuPEb":{"chainKey":{"counter":0,"key":"tALUpLiEsAUxxumdiRDU+i4FCm/lNG8DhNcgYMXZgp0="},"chainType":2,"messageKeys":{}},"BdHjlE6aPVEAMt2NKTxbPk6z7ZkChJ7P13MA+UShGd5h":{"chainKey":{"counter":-1,"key":"1yj8ualnPKZj12x2GaN4ESQIaoc/heFQQfQbfg0d9eU="},"chainType":1,"messageKeys":{}}}}},"version":"v1"}