{"_sessions":{"BcNi0KROmJqI9UTqxeLctbbzoTd5uZ9Cgr5CW6D2FnJB":{"registrationId":1947120796,"currentRatchet":{"ephemeralKeyPair":{"pubKey":"BYwbwPs7Yvp1pOBEb1Hf/Iuk0M/gusGDoxDQMR19CxBM","privKey":"IOiRAyHHNzTHsy7PbCO30EBhAtKixp4CdiyOH3G662Y="},"lastRemoteEphemeralKey":"BfzzJPbkQ0QPFEZ9REoeM9tR8n04UOHqp0VBKIAkl2AJ","previousCounter":0,"rootKey":"8ZJSpMn1QFme9ktzpx1B2FoMVGkknhLok176pHBknvU="},"indexInfo":{"baseKey":"BcNi0KROmJqI9UTqxeLctbbzoTd5uZ9Cgr5CW6D2FnJB","baseKeyType":2,"closed":-1,"used":1742490662871,"created":1742490662871,"remoteIdentityKey":"BZcy14vcRyoh198beT67gWH8Qs7RKM1aYzulcOjlGz9X"},"_chains":{"BfzzJPbkQ0QPFEZ9REoeM9tR8n04UOHqp0VBKIAkl2AJ":{"chainKey":{"counter":0,"key":"AClgpbhFz60k3nv1nNvRS4AqmD7myf4yQNN0xH0qR5c="},"chainType":2,"messageKeys":{}},"BYwbwPs7Yvp1pOBEb1Hf/Iuk0M/gusGDoxDQMR19CxBM":{"chainKey":{"counter":-1,"key":"IdehkUbNxMjuYgfKLAZZdT6evrQ1bbbKumdJgS8aSOQ="},"chainType":1,"messageKeys":{}}}}},"version":"v1"}