{"_sessions":{"BWFjnu6O9CpD+sNDU6f1Hqq4XdjNRklyAoG4wzkmu5Z6":{"registrationId":1958406511,"currentRatchet":{"ephemeralKeyPair":{"pubKey":"BRhqDeRPF9c5cC1gQHa/wihRmYwVpdofr7FEfrX4fSEP","privKey":"gOdh/UN/RqJsSRcxmHu1NrXvAPhZNFgaRzawsOd3/0k="},"lastRemoteEphemeralKey":"BRevmFmu2kd856jZ3NNN0/uu4Fs7LeVYi0wpbnOM9agN","previousCounter":0,"rootKey":"irQYptJpgcYjIdOpNn5JHiCmLlXPtN60eGnTVUnyoRo="},"indexInfo":{"baseKey":"BWFjnu6O9CpD+sNDU6f1Hqq4XdjNRklyAoG4wzkmu5Z6","baseKeyType":1,"closed":-1,"used":1742490564589,"created":1742490564589,"remoteIdentityKey":"BWxjUCt0W/xrAp0FLYkBJDgmDyJJRHXK7DNc29M6fgU+"},"_chains":{"BRhqDeRPF9c5cC1gQHa/wihRmYwVpdofr7FEfrX4fSEP":{"chainKey":{"counter":0,"key":"Z+B8VGRo70FQw+hH/1HHG6faklCoTx894FAxhe2Imak="},"chainType":1,"messageKeys":{}}},"pendingPreKey":{"signedKeyId":2,"baseKey":"BWFjnu6O9CpD+sNDU6f1Hqq4XdjNRklyAoG4wzkmu5Z6","preKeyId":9015213}}},"version":"v1"}