{"_sessions":{"BavViPpW8uqYfo0KddhAkrQO90Q8aBviGo6nGIp5Da58":{"registrationId":901173532,"currentRatchet":{"ephemeralKeyPair":{"pubKey":"BeRhOFKPvQNtEHWFX2cs+A+XCVOInwdwhnu6crln+M96","privKey":"UCDcEkDlF9QbpCbv0lChUG4IT7Pc0F/kHlDCXEs7rH0="},"lastRemoteEphemeralKey":"BdSVdKmYiTj57Xoau57Hen1jNqm4I1xY1sLBFWHvItZp","previousCounter":0,"rootKey":"QVBfJNz+JWGSRG+EhmAdkzQNedIXXObSLw4brzkEhV0="},"indexInfo":{"baseKey":"BavViPpW8uqYfo0KddhAkrQO90Q8aBviGo6nGIp5Da58","baseKeyType":1,"closed":-1,"used":1742490563796,"created":1742490563796,"remoteIdentityKey":"BfZ5ZeZq7QVmlBp5YHGapM1xEYa3DOJxgD0glZd1qxVe"},"_chains":{"BeRhOFKPvQNtEHWFX2cs+A+XCVOInwdwhnu6crln+M96":{"chainKey":{"counter":0,"key":"UL+c+YzyNcsiek9wXWXuERM8j+w0ARLKQhDleDSB1Ks="},"chainType":1,"messageKeys":{}}},"pendingPreKey":{"signedKeyId":1,"baseKey":"BavViPpW8uqYfo0KddhAkrQO90Q8aBviGo6nGIp5Da58","preKeyId":11798825}}},"version":"v1"}