{"_sessions":{"BcuOzOwXXffzrLzQBYA4RT1ahpmdxAcg7tGEDJTJ8kpm":{"registrationId":1455651059,"currentRatchet":{"ephemeralKeyPair":{"pubKey":"Bd8m/sQTYkg3D9hc8Y6uoFsPuZ8qpeoLopSJ0GP4mZVr","privKey":"wGPLFpeJqDnkljW9y3q/FfgSig+Vn9B3ai1fs2zP5GA="},"lastRemoteEphemeralKey":"BTjXl08suBkoHmjnBd7XZ9hf3CwcwwVRp91BastOxSx6","previousCounter":0,"rootKey":"GSqOoQOclHgpcjQKleMqTXWNOi7gdGC0OqSSf0AsFn8="},"indexInfo":{"baseKey":"BcuOzOwXXffzrLzQBYA4RT1ahpmdxAcg7tGEDJTJ8kpm","baseKeyType":2,"closed":-1,"used":1742493141576,"created":1742493141576,"remoteIdentityKey":"BcawY1LuY51nDn/dxSbW07TdIfjsFU16YYbwYtVPlKUp"},"_chains":{"BTjXl08suBkoHmjnBd7XZ9hf3CwcwwVRp91BastOxSx6":{"chainKey":{"counter":0,"key":"0HbSlixmXjz8OxzwlDikDFR0UemYtHYMYEkn8cwiB3Y="},"chainType":2,"messageKeys":{}},"Bd8m/sQTYkg3D9hc8Y6uoFsPuZ8qpeoLopSJ0GP4mZVr":{"chainKey":{"counter":-1,"key":"Yjs9fv8kU4MRNnh7NrCFtWe7VVYOTmsLgvUSPtpukh0="},"chainType":1,"messageKeys":{}}}}},"version":"v1"}