{"_sessions":{"BTLSX9FjIl7g4rxhZ/Z3vdlVu5sX5p35QUBjl/fF3w9u":{"registrationId":1422468376,"currentRatchet":{"ephemeralKeyPair":{"pubKey":"BUbyoBz7c2hi/Y3IHJUUKFVJnxFjWA7eLWmDaphCe5RT","privKey":"QB2Ck/iC9BGsv1H1SoO9kdbH/ggDQtpWEicPSI6uoEE="},"lastRemoteEphemeralKey":"Be/fRew/08uuEdq354AkIk+C75QydRihxs9fPJjsLElc","previousCounter":0,"rootKey":"ADXhiq+MsuLTytRtA1weDYzuyv7ouv+VymOB9sRPcvI="},"indexInfo":{"baseKey":"BTLSX9FjIl7g4rxhZ/Z3vdlVu5sX5p35QUBjl/fF3w9u","baseKeyType":1,"closed":-1,"used":1742490564279,"created":1742490564279,"remoteIdentityKey":"BaepvRw1zpTnUWYxICg76fUrXkYvoV8N2F4pL5pJWmhl"},"_chains":{"BUbyoBz7c2hi/Y3IHJUUKFVJnxFjWA7eLWmDaphCe5RT":{"chainKey":{"counter":0,"key":"keGOxb1h+9gHh7LpU578NThu1uHSetgZsI9ysqOdaJQ="},"chainType":1,"messageKeys":{}}},"pendingPreKey":{"signedKeyId":3,"baseKey":"BTLSX9FjIl7g4rxhZ/Z3vdlVu5sX5p35QUBjl/fF3w9u","preKeyId":16275750}}},"version":"v1"}