{"_sessions":{"BRfqtz5wzPtFSGGm2gGOn/X0InaVBW8/D4AUnEPmnbx1":{"registrationId":1844052036,"currentRatchet":{"ephemeralKeyPair":{"pubKey":"BX7jkaeLBXthQLbOwakyNmsK8/MrOol0ULCKKUVdrbYe","privKey":"OAfgPOCVxu/aQymmYvgGCwKjClH15CpC8MEGpaTPJm4="},"lastRemoteEphemeralKey":"BY5Akmg3UpbX3a2+WScyuMuyEiAnuAU7c8YKPzwypwBU","previousCounter":0,"rootKey":"QwYfRRRk/PvA1G9VRsh2ETTQdx98Lvz6ZgMYcmjUiL4="},"indexInfo":{"baseKey":"BRfqtz5wzPtFSGGm2gGOn/X0InaVBW8/D4AUnEPmnbx1","baseKeyType":2,"closed":-1,"used":1742492301300,"created":1742492301300,"remoteIdentityKey":"BWL9x3DEHENYGAP5ZNHf/l9+VlvhBClMqZluum0bB/YC"},"_chains":{"BY5Akmg3UpbX3a2+WScyuMuyEiAnuAU7c8YKPzwypwBU":{"chainKey":{"counter":0,"key":"XFzrfP52I63kIQBgKnXn37hMaIzEp7h7gGZc6esaOxE="},"chainType":2,"messageKeys":{}},"BX7jkaeLBXthQLbOwakyNmsK8/MrOol0ULCKKUVdrbYe":{"chainKey":{"counter":-1,"key":"Wz1Tbz6xloWnF4NmVqJCH/49OHlWWeqQQDcVnawM1IQ="},"chainType":1,"messageKeys":{}}}}},"version":"v1"}