{"_sessions":{"BWbgOG8P0doT8dtRXg2SzxzgfhDFVp/v2BgIr7IkVhsp":{"registrationId":549363888,"currentRatchet":{"ephemeralKeyPair":{"pubKey":"BTa1Vzqx7TVXiH670avMN6366IykuY69lYl24gL8gwE+","privKey":"ACdbgxxmsYP4BiEB60X5ULzA92lEDq0rxp40dKIqC2I="},"lastRemoteEphemeralKey":"BYpUDEeso/HOoTOvnOQAqoXHSkcNhOpQOWIJK1hERy15","previousCounter":0,"rootKey":"JupJgLA4chXDsxxEFQ/lloltTAoW0OdJ/sUPaHXGl+Q="},"indexInfo":{"baseKey":"BWbgOG8P0doT8dtRXg2SzxzgfhDFVp/v2BgIr7IkVhsp","baseKeyType":1,"closed":-1,"used":1742490564096,"created":1742490564096,"remoteIdentityKey":"BXQgenYeQYc+WQJ7WLlZs1QMgKcce3JrahnJ58SRg9wN"},"_chains":{"BTa1Vzqx7TVXiH670avMN6366IykuY69lYl24gL8gwE+":{"chainKey":{"counter":0,"key":"PEJyopnrJLDoMr6VFTuiYWzcm74tZMv72mPlW2QbShs="},"chainType":1,"messageKeys":{}}},"pendingPreKey":{"signedKeyId":1,"baseKey":"BWbgOG8P0doT8dtRXg2SzxzgfhDFVp/v2BgIr7IkVhsp","preKeyId":9877772}}},"version":"v1"}