{"_sessions":{"BUhsik1aSCoZpSJZGaVq4ccmvTqlNNAIVGiw81/U/D9H":{"registrationId":2041699054,"currentRatchet":{"ephemeralKeyPair":{"pubKey":"BZr1bq5w8sQSKZJxFwq8QLn2RZTi6T9jZWQT/LFZvTck","privKey":"AK6BRFXSntFFf1UQbORw1LYMeRKc7bjv3418T0CI9G8="},"lastRemoteEphemeralKey":"BelWnykZVMR1HeF2wC2aX2MDZTDqAy64X3EsAWuq9kEP","previousCounter":0,"rootKey":"h9YuApDdHfAeA6Dz7u+2FKwiNaROQiiNXT3RIOlOkOo="},"indexInfo":{"baseKey":"BUhsik1aSCoZpSJZGaVq4ccmvTqlNNAIVGiw81/U/D9H","baseKeyType":1,"closed":-1,"used":1742490564179,"created":1742490564179,"remoteIdentityKey":"Bb4p30gXt4RPhD/q4gEKfEZYdYPxcvkbvAEs+xxuc7Bk"},"_chains":{"BZr1bq5w8sQSKZJxFwq8QLn2RZTi6T9jZWQT/LFZvTck":{"chainKey":{"counter":0,"key":"F+tGtLIbPfOljS3aszqWwastBm9v1vg3Gnig2lTJWIo="},"chainType":1,"messageKeys":{}}},"pendingPreKey":{"signedKeyId":3,"baseKey":"BUhsik1aSCoZpSJZGaVq4ccmvTqlNNAIVGiw81/U/D9H","preKeyId":8032765}}},"version":"v1"}