{"_sessions":{"BS2Jju1vEnwkdwInWyv0RpfO4nwVtQ4HK2DpZ7rMsLUF":{"registrationId":697988485,"currentRatchet":{"ephemeralKeyPair":{"pubKey":"BaInedV5ikJZIyAe6qyKWhh9WQkg7cZh0cgIOukipGkk","privKey":"2GMsg5sx/g6/5jCp+YrhJmF6pFXcUSsdsIV59Gz/52o="},"lastRemoteEphemeralKey":"BSUZGzpKTKUJh8JJwKTANQdpXmXV+q55Kz/DtE5ZdYFL","previousCounter":0,"rootKey":"uZxl4mu1hhtZ31nyxufYf3SyJoQXsepTsDbEx+jY4Ao="},"indexInfo":{"baseKey":"BS2Jju1vEnwkdwInWyv0RpfO4nwVtQ4HK2DpZ7rMsLUF","baseKeyType":1,"closed":-1,"used":1742490563888,"created":1742490563888,"remoteIdentityKey":"BTFX1bRrhZoix+xHHWm3eWnDObIeeqv8GnbLvSZESjFI"},"_chains":{"BaInedV5ikJZIyAe6qyKWhh9WQkg7cZh0cgIOukipGkk":{"chainKey":{"counter":0,"key":"QR5fgNLZ5UDpcf5HIcJz2pGmR5IYd2TTdAUZtMMwKA0="},"chainType":1,"messageKeys":{}}},"pendingPreKey":{"signedKeyId":0,"baseKey":"BS2Jju1vEnwkdwInWyv0RpfO4nwVtQ4HK2DpZ7rMsLUF","preKeyId":2916423}}},"version":"v1"}