{"_sessions":{"Bfdrfj3D7WTmEiH/h4aTT+96JoPYfsxJ778tOm6mJetO":{"registrationId":1683695803,"currentRatchet":{"ephemeralKeyPair":{"pubKey":"BYiQTLXRFFyONQ9TonMWLNSfQfUUWTT+iOjt4YMZkORf","privKey":"8HLI5GQtNomq3mcoA60sO94OQJhpIhUPPGLJ1Uxyx3c="},"lastRemoteEphemeralKey":"BWnXFCv0p65eANKCeIGo7ylYvaDfKJIN8n7llEA7g742","previousCounter":0,"rootKey":"D7/rBFSMxseVkvxxltoBdoobBNbnGY+iFHLd+9GIhiQ="},"indexInfo":{"baseKey":"Bfdrfj3D7WTmEiH/h4aTT+96JoPYfsxJ778tOm6mJetO","baseKeyType":2,"closed":-1,"used":1742493181313,"created":1742493181313,"remoteIdentityKey":"Bd/YP1aRUZlys9aYDb4nZti2iQEWlDrdeglleqRfoitf"},"_chains":{"BWnXFCv0p65eANKCeIGo7ylYvaDfKJIN8n7llEA7g742":{"chainKey":{"counter":1,"key":"hFd4p7I7zcLizbVVLCZMSVgudrNZefOTVdaBW2zDPOo="},"chainType":2,"messageKeys":{}},"BYiQTLXRFFyONQ9TonMWLNSfQfUUWTT+iOjt4YMZkORf":{"chainKey":{"counter":-1,"key":"+s8OQQtIh+q79NiGids9xFqamK76XaXBcLkO3P6B0xk="},"chainType":1,"messageKeys":{}}}}},"version":"v1"}