{"_sessions":{"BVFmWMAVkRAKymxU/h17fYZ1Bsb3VbhNMoTTKmsQdWwM":{"registrationId":1090197448,"currentRatchet":{"ephemeralKeyPair":{"pubKey":"BasZguObX6ncV8S/IU2SwAZQmiNfR6hy2YzLPnDyr2h/","privKey":"cHLbjfG5tm5Cp7nG/WF16zgM+1/9WozNFnOh+bsSnnU="},"lastRemoteEphemeralKey":"BRm7a6sx9sFEtUDW5RpgRxiNFrVf0CXYMkenkpFH3Gh9","previousCounter":0,"rootKey":"csq/GUiL8MpPmrRS6rbXbzCVcB6P1hiGXFkqjlNhpxQ="},"indexInfo":{"baseKey":"BVFmWMAVkRAKymxU/h17fYZ1Bsb3VbhNMoTTKmsQdWwM","baseKeyType":2,"closed":-1,"used":1742491420415,"created":1742491420415,"remoteIdentityKey":"BQc7axoBRMb4JGAml0/ATseh2K8RCTPyLunE9SLu0oh1"},"_chains":{"BRm7a6sx9sFEtUDW5RpgRxiNFrVf0CXYMkenkpFH3Gh9":{"chainKey":{"counter":1,"key":"nnvhDyJ5oKw38Oat79pJDeGPx04gVUejg1frL6wBY2M="},"chainType":2,"messageKeys":{}},"BasZguObX6ncV8S/IU2SwAZQmiNfR6hy2YzLPnDyr2h/":{"chainKey":{"counter":-1,"key":"mkB5As+BJ/SQusiV4ozsJuD9hCkgVMGyurRR7VYK0HU="},"chainType":1,"messageKeys":{}}}}},"version":"v1"}