{"_sessions":{"BZhId4WJCV7GA9XrOFJajtry53PhitRPHEBQ+v1tSdUw":{"registrationId":380006264,"currentRatchet":{"ephemeralKeyPair":{"pubKey":"BUzViVQrqJA9bVXd7L7G6oLzbcQyOM4BLCMZvi0JOG4w","privKey":"gPlAGiFePQUndiSkqXFyOa8O+FYmVWyAIYSDxayML1Y="},"lastRemoteEphemeralKey":"BeaNXodJMnH3COlwrM6fioozarNZkcM1Qzh5bntoedNF","previousCounter":0,"rootKey":"cHHSGwfDUOlLCAC6Ihu6O1jm2hYdFkLYRkwej2YzyZo="},"indexInfo":{"baseKey":"BZhId4WJCV7GA9XrOFJajtry53PhitRPHEBQ+v1tSdUw","baseKeyType":1,"closed":-1,"used":1742490564685,"created":1742490564685,"remoteIdentityKey":"BWHihfC8OR+tWlNyjfLD2lUhaex+0kPpsSMAr5X4q6kD"},"_chains":{"BUzViVQrqJA9bVXd7L7G6oLzbcQyOM4BLCMZvi0JOG4w":{"chainKey":{"counter":0,"key":"mHUcLJco2N1Xim+Mdib+PArirGih9ssuO/iXAHvYV6I="},"chainType":1,"messageKeys":{}}},"pendingPreKey":{"signedKeyId":0,"baseKey":"BZhId4WJCV7GA9XrOFJajtry53PhitRPHEBQ+v1tSdUw","preKeyId":15904838}}},"version":"v1"}