{"_sessions":{"BUgmasR8Tc8MsuBzvpxrjBKDqZz/ZLUEufW8viQzxG9X":{"registrationId":1783057375,"currentRatchet":{"ephemeralKeyPair":{"pubKey":"BStw6K7jJZdGVnMpxiUS+SYBqg3MU/Ij5d8fqSWMQllM","privKey":"IFhxj8cJ501Xmx8DylnRh78xnucK7A4maaI1OFjZhkY="},"lastRemoteEphemeralKey":"BesWP0AKB/oz0/8oImh23v+drFb6C4AnOmY1PbA+UEhK","previousCounter":0,"rootKey":"fztFc8nnXfeXHBg66D3UQiG1z2/cztzUZMpUkNaUTCw="},"indexInfo":{"baseKey":"BUgmasR8Tc8MsuBzvpxrjBKDqZz/ZLUEufW8viQzxG9X","baseKeyType":1,"closed":-1,"used":1742490564675,"created":1742490564675,"remoteIdentityKey":"BSHThjUhp/K1vV6iFme+T7VGOC5lAXam5FJibXkm01Fm"},"_chains":{"BStw6K7jJZdGVnMpxiUS+SYBqg3MU/Ij5d8fqSWMQllM":{"chainKey":{"counter":0,"key":"/U2UDn+qywysnwbOGwIgyUMCkRQcRrWlUgK8AA+kt1c="},"chainType":1,"messageKeys":{}}},"pendingPreKey":{"signedKeyId":6,"baseKey":"BUgmasR8Tc8MsuBzvpxrjBKDqZz/ZLUEufW8viQzxG9X","preKeyId":11753978}}},"version":"v1"}