{"_sessions":{"BY+tCDaCYvpRYKEKOn92UJVE5QGMUn5PXlY4HPZdiSA7":{"registrationId":647305817,"currentRatchet":{"ephemeralKeyPair":{"pubKey":"BYCxmj86jPM5heMnGfX9eiNO2rqVM1rDm+jKdUWPTH9/","privKey":"wGkOZjciads5EfrOfG0rMZGspZCBz3wx7ttFkZ0GYVc="},"lastRemoteEphemeralKey":"BY8vPlYKGA8HyPdMWJgcCM9rQmkoeuMDrFXz33AtmSp0","previousCounter":0,"rootKey":"xEpQOOkcXJB30OQfiidtR84ktCObeZz8DscuSnd4vsc="},"indexInfo":{"baseKey":"BY+tCDaCYvpRYKEKOn92UJVE5QGMUn5PXlY4HPZdiSA7","baseKeyType":2,"closed":-1,"used":1742491419981,"created":1742491419981,"remoteIdentityKey":"Bdl90ANnQ6e3NuEjWAal2KvT+dwYMxW+Ade0/W8nET0u"},"_chains":{"BY8vPlYKGA8HyPdMWJgcCM9rQmkoeuMDrFXz33AtmSp0":{"chainKey":{"counter":0,"key":"dYnZd3JgoIp3wRdg8Q8KdOY2xz6FkWu8mmuDcAfh+b4="},"chainType":2,"messageKeys":{}},"BYCxmj86jPM5heMnGfX9eiNO2rqVM1rDm+jKdUWPTH9/":{"chainKey":{"counter":-1,"key":"aZoOoEDWoiD75JSy7jiS8biPMu/aF4y6RKADpc6QrL4="},"chainType":1,"messageKeys":{}}}}},"version":"v1"}