{"_sessions":{"BYC043KsahHqVQ0364mwPyaiwvLXrXqTCRWV96xcWmlY":{"registrationId":1722792846,"currentRatchet":{"ephemeralKeyPair":{"pubKey":"BZ7lgPzFdN4Gf5So0cdwMHPO1b2mejrKDAdGi8wQdmAg","privKey":"SCtSuW+G8ocAHZl1DaEfknZOKhy5BGwXCiFOUGEh9mU="},"lastRemoteEphemeralKey":"BZ1Oimn1lamBkVGTVVv4ZucgD4N/tmyP4LNcbdu30U8Z","previousCounter":0,"rootKey":"snJhwzafFxUDk2s+EoGValsEeW0iGWMHTXt/jExR4DI="},"indexInfo":{"baseKey":"BYC043KsahHqVQ0364mwPyaiwvLXrXqTCRWV96xcWmlY","baseKeyType":1,"closed":-1,"used":1742490564573,"created":1742490564573,"remoteIdentityKey":"BZIOpQvgqfOXAlgUHYWMrLH6w51tWX2IMp+gnRXLIkQ2"},"_chains":{"BZ7lgPzFdN4Gf5So0cdwMHPO1b2mejrKDAdGi8wQdmAg":{"chainKey":{"counter":0,"key":"bJWY9xi0Bnd5ZN1Tw5tLVF8hbF8mV5LGxlypbIgNlCc="},"chainType":1,"messageKeys":{}}},"pendingPreKey":{"signedKeyId":1,"baseKey":"BYC043KsahHqVQ0364mwPyaiwvLXrXqTCRWV96xcWmlY","preKeyId":14070648}}},"version":"v1"}