{"_sessions":{"BRCSukUNgRiEgwSaT1AhB0mv1fHn7HyuENCC+8YYhcsj":{"registrationId":1082470023,"currentRatchet":{"ephemeralKeyPair":{"pubKey":"Bfn0eTkkteyhR0LWBagz6NLewbRn0XKnG/ikjlM7dccJ","privKey":"YFMmlfe1zZpOxEf/nVbSLPEkSBQoEHJV5riJSn5JUmQ="},"lastRemoteEphemeralKey":"BVXSkaCfBgr2Ch9X8WLYneOMumF1zWo+SmW+G+Ogb6RV","previousCounter":0,"rootKey":"2XiF3TsjUCVAx1zNgw0sRmf9dmjxI8Hf6viOaJp7C9E="},"indexInfo":{"baseKey":"BRCSukUNgRiEgwSaT1AhB0mv1fHn7HyuENCC+8YYhcsj","baseKeyType":1,"closed":-1,"used":1742490563811,"created":1742490563811,"remoteIdentityKey":"BTG4cJZV/nJaYJc+eI9p1Mln35wWcgkK/rABcXWDDoZJ"},"_chains":{"Bfn0eTkkteyhR0LWBagz6NLewbRn0XKnG/ikjlM7dccJ":{"chainKey":{"counter":0,"key":"if0iqgfKUvTNxSZK6vRDK+TmpuiQnu6SSi4a8Jss+VE="},"chainType":1,"messageKeys":{}}},"pendingPreKey":{"signedKeyId":2,"baseKey":"BRCSukUNgRiEgwSaT1AhB0mv1fHn7HyuENCC+8YYhcsj","preKeyId":1917493}}},"version":"v1"}