{"_sessions":{"Bbg+GIaONl9aV5pwST7sxJMy3a6FD6h+9IHNcSzje3pl":{"registrationId":505775314,"currentRatchet":{"ephemeralKeyPair":{"pubKey":"Bc+PmRoWzFulp0qxA9S6vsOvNGwZRsw3PJU/iYnE8nci","privKey":"CHOCCGs+P8XRzBGYYO0cNVEC6A3Q/YZUPagkheeVtVU="},"lastRemoteEphemeralKey":"BeUKSjSw0P2c6HG/P9zT/00YISlI3iBoY9SqD7T3xClJ","previousCounter":0,"rootKey":"Hzz+5lT1GkpAhZ1Z8xtg7Zc3NDnG1Abb45Ecm7D0IF4="},"indexInfo":{"baseKey":"Bbg+GIaONl9aV5pwST7sxJMy3a6FD6h+9IHNcSzje3pl","baseKeyType":2,"closed":-1,"used":1742492302063,"created":1742492302063,"remoteIdentityKey":"BXTMdvNqgQWtPQC7WgxHOOlr/0QdwCP3ENF5J2qZq30j"},"_chains":{"BeUKSjSw0P2c6HG/P9zT/00YISlI3iBoY9SqD7T3xClJ":{"chainKey":{"counter":0,"key":"t0rGYVsbFlAl0OjxLnc8KbpUYVwQmui2sum4AwNJhTk="},"chainType":2,"messageKeys":{}},"Bc+PmRoWzFulp0qxA9S6vsOvNGwZRsw3PJU/iYnE8nci":{"chainKey":{"counter":-1,"key":"6mfmhTZDBZW+dXHmfCHMCGh4obJmI9+3dGJ/yZwsIUM="},"chainType":1,"messageKeys":{}}}}},"version":"v1"}