{"_sessions":{"BY0F9akkPAPVZq6LWMN/lEUnON7+azTCuca+L9pYPLdO":{"registrationId":519844592,"currentRatchet":{"ephemeralKeyPair":{"pubKey":"BZwQZtg7EJTfxjCPUDrG77S6KJsO29/BFiYOkxY/cWI7","privKey":"oIlRfxcoC6NQmk/Y/BozFi68Ljs+FSGk8YxGtuBiCXA="},"lastRemoteEphemeralKey":"BagXS+Lo+bzRgtn2zQ7mGOZ+sq/AILUzxTUchBH6jdxj","previousCounter":0,"rootKey":"hrsLfJyVtvKHT4hObMduk3OnJGfdGXet2F2b6t4/QNc="},"indexInfo":{"baseKey":"BY0F9akkPAPVZq6LWMN/lEUnON7+azTCuca+L9pYPLdO","baseKeyType":2,"closed":-1,"used":1742491419580,"created":1742491419580,"remoteIdentityKey":"BezyIJcMC+tfQUr2cDNTsVz3lKsV/iLGxe0OwWnDbrc/"},"_chains":{"BagXS+Lo+bzRgtn2zQ7mGOZ+sq/AILUzxTUchBH6jdxj":{"chainKey":{"counter":1,"key":"mdKknXj1ifrND8CAHVbklA0EGxrusUAbozqLkPWD64c="},"chainType":2,"messageKeys":{}},"BZwQZtg7EJTfxjCPUDrG77S6KJsO29/BFiYOkxY/cWI7":{"chainKey":{"counter":-1,"key":"pgG5X3ngVpfFPvTObTcLukg4Jc4E0LUhcABc2r5Rioo="},"chainType":1,"messageKeys":{}}}}},"version":"v1"}