{"_sessions":{"BRR5YOklGMI2IbwM45rMijG8DqXxBhICEyOeLg1oNTdi":{"registrationId":1273804129,"currentRatchet":{"ephemeralKeyPair":{"pubKey":"BXV/9m5mrLK54Pf7NMcvW0lnjzAa8mYYXVCiJM5aXDBi","privKey":"wCyQuXgUSNZ7Cc849fKD8DB/KDIArzDQ8tLUQ1FPm30="},"lastRemoteEphemeralKey":"BXBb4RN+juLwP2zKsAaE4vFaOsZURzPt8z/OEba+p7Ac","previousCounter":0,"rootKey":"CODHivLojxD/SQM+bQxUMCx27J1EoLE2cggiiWuOQXI="},"indexInfo":{"baseKey":"BRR5YOklGMI2IbwM45rMijG8DqXxBhICEyOeLg1oNTdi","baseKeyType":1,"closed":-1,"used":1742490563915,"created":1742490563915,"remoteIdentityKey":"BWmJffOAHSg4r+EXf9EqeB7FwokMCifRyCTxq2pg/uN+"},"_chains":{"BXV/9m5mrLK54Pf7NMcvW0lnjzAa8mYYXVCiJM5aXDBi":{"chainKey":{"counter":0,"key":"94dXiCJcZFxK2++g8EEWgsfF8BTPCwVSGZ3HXR2W1P4="},"chainType":1,"messageKeys":{}}},"pendingPreKey":{"signedKeyId":13,"baseKey":"BRR5YOklGMI2IbwM45rMijG8DqXxBhICEyOeLg1oNTdi","preKeyId":10849274}}},"version":"v1"}