{"_sessions":{"BZyEdQcl9H2zUrlhbO4dI3YsG22MaWJqVLNlmhh5VhZE":{"registrationId":1236626083,"currentRatchet":{"ephemeralKeyPair":{"pubKey":"BcrO1nrxJyUGItKK7x+ErZZQ6X4s4L0JdrJGd/YKjOFI","privKey":"mKDyxCJEdlydFHlP/pF+BisHSkni9un6nhog1JYtWEQ="},"lastRemoteEphemeralKey":"BXTTjqnRV9OZi1oSJlGiNlaJqKBhV5CY4sUGCJjQXuhp","previousCounter":0,"rootKey":"NFOT0GTiXy61+HbKY8ZCilYJdCWeB+MuD5FtS58DX2U="},"indexInfo":{"baseKey":"BZyEdQcl9H2zUrlhbO4dI3YsG22MaWJqVLNlmhh5VhZE","baseKeyType":2,"closed":-1,"used":1742491420504,"created":1742491420504,"remoteIdentityKey":"Bax9rCHAmzYiIa7hf4V2qBWu4oKFXRzsTCtBaSELVcNk"},"_chains":{"BXTTjqnRV9OZi1oSJlGiNlaJqKBhV5CY4sUGCJjQXuhp":{"chainKey":{"counter":1,"key":"0b9DYzMut44NTrqQYcinZtofSyEZ65G/kma08UA+Fuo="},"chainType":2,"messageKeys":{}},"BcrO1nrxJyUGItKK7x+ErZZQ6X4s4L0JdrJGd/YKjOFI":{"chainKey":{"counter":-1,"key":"4LUj9Cs0D8+a38y6LSEAP2NPjG/OxiYHRNGncsLv1gI="},"chainType":1,"messageKeys":{}}}}},"version":"v1"}