{"_sessions":{"BSi+/4rKsUPXLjvBtUs7SV2GcY+cADnXXhFE8iZs8rZ+":{"registrationId":214888739,"currentRatchet":{"ephemeralKeyPair":{"pubKey":"BSEJfUBeAExi1cYWZUNbVsm33CSoQT+Cpr5EdiGvnDwK","privKey":"iCV2REtby3OPYV9HgVSfw6uzNH2qfwoXZ/xPgbYRwkc="},"lastRemoteEphemeralKey":"Bff1sDKFR5gB1U6QEqQRARLarW7UJShE8+7qsZhh/Vxb","previousCounter":0,"rootKey":"Rv0RsX3monhzsmeQfJ6nQULk/f4s06bH9m8gbdk98os="},"indexInfo":{"baseKey":"BSi+/4rKsUPXLjvBtUs7SV2GcY+cADnXXhFE8iZs8rZ+","baseKeyType":1,"closed":-1,"used":1742490563770,"created":1742490563770,"remoteIdentityKey":"BaljwpWCZEb6X1A3HKRdKvGauiWd2dn+tdnp0/rehE05"},"_chains":{"BSEJfUBeAExi1cYWZUNbVsm33CSoQT+Cpr5EdiGvnDwK":{"chainKey":{"counter":0,"key":"L5uiq8SwBxO/par3oFY16pCPiTQNkikhQBrxXBgK5sk="},"chainType":1,"messageKeys":{}}},"pendingPreKey":{"signedKeyId":16,"baseKey":"BSi+/4rKsUPXLjvBtUs7SV2GcY+cADnXXhFE8iZs8rZ+","preKeyId":7312331}}},"version":"v1"}