{"_sessions":{"BWIAh8gKeqjGkGNu5YRUvJ4UHsDKtlFecOd31SBF2gZi":{"registrationId":1260145650,"currentRatchet":{"ephemeralKeyPair":{"pubKey":"BeTVm+RbL/hojNXR9N2Iu2fuQ4ycXUNMXxSwD8r0DxwJ","privKey":"OFVHU4Yi5wOiLvixXAz15xw0V4H/2m19g3aeeYvVoUM="},"lastRemoteEphemeralKey":"BY9QW1fEr8GxZM8+xigH/QvQBhPOkccGUHvZaseL7Lcr","previousCounter":0,"rootKey":"QjwrA0HJHGPsIAV9MQyy7kLlXIfqo5Li3w5xBdc6Q7M="},"indexInfo":{"baseKey":"BWIAh8gKeqjGkGNu5YRUvJ4UHsDKtlFecOd31SBF2gZi","baseKeyType":1,"closed":-1,"used":1742490564219,"created":1742490564219,"remoteIdentityKey":"BYpyHXgjq+n68K/udb810TRltDZn3K0Orry6QyMfVnZF"},"_chains":{"BeTVm+RbL/hojNXR9N2Iu2fuQ4ycXUNMXxSwD8r0DxwJ":{"chainKey":{"counter":0,"key":"PYDsK3sDHWofYZEIxDgjly5KwpFu9Wx5eA4JANsHU8w="},"chainType":1,"messageKeys":{}}},"pendingPreKey":{"signedKeyId":1,"baseKey":"BWIAh8gKeqjGkGNu5YRUvJ4UHsDKtlFecOd31SBF2gZi","preKeyId":15929015}}},"version":"v1"}