{"_sessions":{"BbpjofV4NKbOLVUBwKTPkf5DbvoZRAaDMhlfPsadF4Bf":{"registrationId":1128615313,"currentRatchet":{"ephemeralKeyPair":{"pubKey":"BXHwGAXoZqu/3dD654Gm8nF20Nz/EcwgnkCkFAG+ehZo","privKey":"iLyXPXtmmq62uAMqgsBBotHTTX7o9BNbVnY1L1X/g3U="},"lastRemoteEphemeralKey":"BYrXv+QYxb9qnqNvg47n228ItxtzyKpBK1fLooOikWd1","previousCounter":0,"rootKey":"A7jP4xdlSPs5Ov1yjtcwXwCRwz4o6oXbpcDiV0u6w2o="},"indexInfo":{"baseKey":"BbpjofV4NKbOLVUBwKTPkf5DbvoZRAaDMhlfPsadF4Bf","baseKeyType":2,"closed":-1,"used":1742493176669,"created":1742493176669,"remoteIdentityKey":"BdqysBthYedjGPI3nf4wq1w++PTjnbzyHYeDUKtXJKZI"},"_chains":{"BYrXv+QYxb9qnqNvg47n228ItxtzyKpBK1fLooOikWd1":{"chainKey":{"counter":0,"key":"3gmxkVI8FuUvleZ0oo6bk7kBJ279Ve+Xh+SVgvGkAKU="},"chainType":2,"messageKeys":{}},"BXHwGAXoZqu/3dD654Gm8nF20Nz/EcwgnkCkFAG+ehZo":{"chainKey":{"counter":-1,"key":"d4c3/WaHHfp8+VhssBRikunirH/Czgg/IOA7fUbuhQU="},"chainType":1,"messageKeys":{}}}}},"version":"v1"}