{"_sessions":{"Beq2yJwcYFW1KvxGNoUE+/YFmAZrCGBA4uV5CarT5cJN":{"registrationId":1110396540,"currentRatchet":{"ephemeralKeyPair":{"pubKey":"BXohzGqV3sqv/LOtFp9bwrOTd0oEZzhs+hsalM8s7TAX","privKey":"0I7urE7bdXWu7JxVGiYSfttQHXe0rIPBD7bZFCCLs0o="},"lastRemoteEphemeralKey":"BS4VZrnMZ7dTcQ+Gv7dKy/EC2JIFmZkt7HxQqvftfL9u","previousCounter":0,"rootKey":"dn9f+jTnk+RSxCHZ9NxcvewefQYWfguo49L2I4gkDUw="},"indexInfo":{"baseKey":"Beq2yJwcYFW1KvxGNoUE+/YFmAZrCGBA4uV5CarT5cJN","baseKeyType":2,"closed":-1,"used":1742492355125,"created":1742492355125,"remoteIdentityKey":"BfIPifhoJ8fO/0mGevjepvtuqmW5kC59i4z5wsMVJnoP"},"_chains":{"BS4VZrnMZ7dTcQ+Gv7dKy/EC2JIFmZkt7HxQqvftfL9u":{"chainKey":{"counter":0,"key":"WwnRUYt5w3aXThApX4P3u0TEOh8ZjECY3bza8mbREJg="},"chainType":2,"messageKeys":{}},"BXohzGqV3sqv/LOtFp9bwrOTd0oEZzhs+hsalM8s7TAX":{"chainKey":{"counter":-1,"key":"tMxV7HcyflXTc7RwFzO42ElTBKREiPQy1uZkCGX9hAQ="},"chainType":1,"messageKeys":{}}}}},"version":"v1"}