{"_sessions":{"BeB9+1stIOv5Zt+QDXYxkk2uRurvgxrro8R6eqRmEV8Y":{"registrationId":1226180515,"currentRatchet":{"ephemeralKeyPair":{"pubKey":"BZGKjyz+YXL4Oy+drgHTqDAL++sluejWMbTHHJNdRicr","privKey":"4K8rhzqhlPFIn4faRNUAOcM/mpR4gYJtQ/iam6Cq0ng="},"lastRemoteEphemeralKey":"BbDOSOoVBWQRT6FFkSkFhJVYII/gof18gyxr6iazXcVD","previousCounter":0,"rootKey":"xLXDUMkVkp3Q4OZO+DLM4hkpBdKtCPlrwUVNjpmmvh4="},"indexInfo":{"baseKey":"BeB9+1stIOv5Zt+QDXYxkk2uRurvgxrro8R6eqRmEV8Y","baseKeyType":1,"closed":-1,"used":1742490563970,"created":1742490563970,"remoteIdentityKey":"BY6SueTw9anNanhkPFYnguXTke9BDtBDuaFyXZVzxDhd"},"_chains":{"BZGKjyz+YXL4Oy+drgHTqDAL++sluejWMbTHHJNdRicr":{"chainKey":{"counter":0,"key":"fZ0IFptu0zUK66YrH+5LKNR+7H/0Lw9/9Nfcp9PJnxU="},"chainType":1,"messageKeys":{}}},"pendingPreKey":{"signedKeyId":9,"baseKey":"BeB9+1stIOv5Zt+QDXYxkk2uRurvgxrro8R6eqRmEV8Y","preKeyId":1238961}}},"version":"v1"}