{"_sessions":{"Bf1AApuVhYIbJPmfTISdQfMYpBMireWkK3eLhtEMRWdU":{"registrationId":440576087,"currentRatchet":{"ephemeralKeyPair":{"pubKey":"BVJ9PmpDus52ESX02qJoPqoTACd7TAX8YoPp+jSD1fNK","privKey":"2J6KHjXZXsZlYm9ZXa3Zd0s7xY8pEbr+f6YLRuK/rnQ="},"lastRemoteEphemeralKey":"BSyqUYQB8VbO/Yoedc902FUm89IENqs+09iKKpSknhsm","previousCounter":0,"rootKey":"W31rwr9+oE7bD/WTyvB6HzNwcM7VnRbARa/ViDxEj6I="},"indexInfo":{"baseKey":"Bf1AApuVhYIbJPmfTISdQfMYpBMireWkK3eLhtEMRWdU","baseKeyType":1,"closed":-1,"used":1742490564212,"created":1742490564212,"remoteIdentityKey":"BYUq2ekop5i+b+zevQw5zZrkyC3SrBSLAcH1AvmVpXkI"},"_chains":{"BVJ9PmpDus52ESX02qJoPqoTACd7TAX8YoPp+jSD1fNK":{"chainKey":{"counter":0,"key":"779Keco+0x4l+BxoTz91j+aWtf82zhluh4YwP7Kr4Wc="},"chainType":1,"messageKeys":{}}},"pendingPreKey":{"signedKeyId":2,"baseKey":"Bf1AApuVhYIbJPmfTISdQfMYpBMireWkK3eLhtEMRWdU","preKeyId":6012852}}},"version":"v1"}