{"_sessions":{"Bb76rewv3KsiNdOV5Fm+kpESXOUiYl3kx48TQ91wsMwF":{"registrationId":1292454736,"currentRatchet":{"ephemeralKeyPair":{"pubKey":"BcpUiEID1XrfCwdE3oN/Ds7zwWEvh8t4FjHzh39sDgcH","privKey":"sCaO69jsoi9LeseTAfOMMFfA27ANnfcDp/9CG8y3W3A="},"lastRemoteEphemeralKey":"BVRAXNsrYCpz143lT7HyQfsCkSvNrHwb5dIUV0vtzGs5","previousCounter":0,"rootKey":"aFsD/UNrCVU//m02oMcbUrw/3vFC5yZR7bCzbZ9W7gA="},"indexInfo":{"baseKey":"Bb76rewv3KsiNdOV5Fm+kpESXOUiYl3kx48TQ91wsMwF","baseKeyType":1,"closed":-1,"used":1742490563715,"created":1742490563715,"remoteIdentityKey":"BfB6zzoWWS7u6w34EGhuQ/gX4A6oglczd3OPSMlWluFo"},"_chains":{"BcpUiEID1XrfCwdE3oN/Ds7zwWEvh8t4FjHzh39sDgcH":{"chainKey":{"counter":0,"key":"IIQPPs2EWC71X0uwg/hfETaE0ZwsVz7tUptna55z1+A="},"chainType":1,"messageKeys":{}}},"pendingPreKey":{"signedKeyId":3,"baseKey":"Bb76rewv3KsiNdOV5Fm+kpESXOUiYl3kx48TQ91wsMwF","preKeyId":10855503}}},"version":"v1"}