{"_sessions":{"BUkW5/jyC8RsmF68pXW3MjwrJmTMXV5XN62doOxMBv4H":{"registrationId":360919782,"currentRatchet":{"ephemeralKeyPair":{"pubKey":"BfMIRbOt3/ZI5yaw9gyAEUM0SYkvAACySxv/XXlQ17wb","privKey":"wHod6fGjtiPxwYFCALjeoxZuSl40YdVqJzg3znhrFWk="},"lastRemoteEphemeralKey":"BfOJFXvbDqmlnlBCIsmVO6ISn2CaXdDaeW7glREblyEc","previousCounter":0,"rootKey":"xMvthSKL54ZPBSvcNGK0f3hBU0X8+AZPAJDep/RXRr4="},"indexInfo":{"baseKey":"BUkW5/jyC8RsmF68pXW3MjwrJmTMXV5XN62doOxMBv4H","baseKeyType":1,"closed":-1,"used":1742490563909,"created":1742490563909,"remoteIdentityKey":"BaXRl2ekORXJ08GFkP91xE+tIokIS+u13xQ/PM0ToxBG"},"_chains":{"BfMIRbOt3/ZI5yaw9gyAEUM0SYkvAACySxv/XXlQ17wb":{"chainKey":{"counter":0,"key":"sb0NpISn5FEQUljs61+md9wm53PLv+2/SG1gCu1NuKo="},"chainType":1,"messageKeys":{}}},"pendingPreKey":{"signedKeyId":0,"baseKey":"BUkW5/jyC8RsmF68pXW3MjwrJmTMXV5XN62doOxMBv4H"}}},"version":"v1"}