{"_sessions":{"Be1aQlDzalJKWUWic5EE9Jq3nq+QLSwrdBKr7CLeCTJj":{"registrationId":1126154864,"currentRatchet":{"ephemeralKeyPair":{"pubKey":"BQuGAZAWP3T3zNUOKf4b1aoaZ7IKNkc/vSx03RK+ihRy","privKey":"UL2noThuI3TnSJWtWL0ZiefaJks4tHl9a5IFDeNWxGI="},"lastRemoteEphemeralKey":"Bf6qv0IyTgWq9LcbaX237+Tc4W84mOiYrtKHSZQROqAy","previousCounter":0,"rootKey":"3RJKGp0/ffx6KU+9gpLXwyuKyQn8a3Pg3lzzm7WLc68="},"indexInfo":{"baseKey":"Be1aQlDzalJKWUWic5EE9Jq3nq+QLSwrdBKr7CLeCTJj","baseKeyType":1,"closed":-1,"used":1742490564490,"created":1742490564490,"remoteIdentityKey":"BRko9XyVhB6Nz7aXkfzmrvwyPjPSaq6j0Ww6pgV/MMsO"},"_chains":{"BQuGAZAWP3T3zNUOKf4b1aoaZ7IKNkc/vSx03RK+ihRy":{"chainKey":{"counter":0,"key":"hNqQGYHW99ucuXxBrU2eJH4nVIoyeJumz+LkM4MCkVA="},"chainType":1,"messageKeys":{}}},"pendingPreKey":{"signedKeyId":21,"baseKey":"Be1aQlDzalJKWUWic5EE9Jq3nq+QLSwrdBKr7CLeCTJj","preKeyId":14508748}}},"version":"v1"}