{"_sessions":{"BW+DVGFQ/wrhI8K6pbVBLMdvBd3EQf4UoKfRX+XxvbcD":{"registrationId":1215777805,"currentRatchet":{"ephemeralKeyPair":{"pubKey":"BR4G3JCMz4eWchIQSrUf7WH3fBIYH4cOdCldmWvXYQgb","privKey":"wB4e3EQNkrrP54jdDhlXs+pOabf6A0ALPswghXrsl3E="},"lastRemoteEphemeralKey":"BcwaQ7+Ug9h7KDqGUCYdgokWP3YAx+RH+fW01njSit1G","previousCounter":0,"rootKey":"pC8wS4uFzKQqd5A/UdsTV71OrR80WyZelIFK7l4I0ds="},"indexInfo":{"baseKey":"BW+DVGFQ/wrhI8K6pbVBLMdvBd3EQf4UoKfRX+XxvbcD","baseKeyType":2,"closed":-1,"used":1742491421175,"created":1742491421175,"remoteIdentityKey":"BdyY5KbExxa4OLdaqneEdyKy3G8M/2bRGAwZ1/Pnn/Ea"},"_chains":{"BcwaQ7+Ug9h7KDqGUCYdgokWP3YAx+RH+fW01njSit1G":{"chainKey":{"counter":0,"key":"0MwkSGvUYhUGS91ONMGAKZcUMzpjzzF8Wj0t0GVuDBY="},"chainType":2,"messageKeys":{}},"BR4G3JCMz4eWchIQSrUf7WH3fBIYH4cOdCldmWvXYQgb":{"chainKey":{"counter":-1,"key":"Pqftb8vHeXauWmE7sL6yuPVkUSY45Oltk8Eik9GFAcI="},"chainType":1,"messageKeys":{}}}}},"version":"v1"}