{"_sessions":{"BdIi7Cz3owKDS5npT0ae7DiMHqzV8wJaZEWyzSYov8kP":{"registrationId":503426607,"currentRatchet":{"ephemeralKeyPair":{"pubKey":"BY4zgfWYrlDqxW6ChffTI5dXujG0uRbXnE875FT69st2","privKey":"cA9zBLCU8aK1UN1p/iyPw8aoI/2ojQrcEoKNG4J8Blg="},"lastRemoteEphemeralKey":"BaT3y76+j1XA73prmJFVqU4KniwMZxa0+W64Eaywf+8t","previousCounter":0,"rootKey":"F/15p5HmzMgQqDTW31lgpTEQBnq+ZPVPa8U2dsjbfAE="},"indexInfo":{"baseKey":"BdIi7Cz3owKDS5npT0ae7DiMHqzV8wJaZEWyzSYov8kP","baseKeyType":2,"closed":-1,"used":1742492302973,"created":1742492302973,"remoteIdentityKey":"BWhctyu4GrKoWoVEMAQmz/grTgrc7QnY7GKETLxfV7cA"},"_chains":{"BaT3y76+j1XA73prmJFVqU4KniwMZxa0+W64Eaywf+8t":{"chainKey":{"counter":0,"key":"HGNRS+bBMePa7rB/kFqw2kJk55eQNyhfGNlg16mBEa0="},"chainType":2,"messageKeys":{}},"BY4zgfWYrlDqxW6ChffTI5dXujG0uRbXnE875FT69st2":{"chainKey":{"counter":-1,"key":"xYTES/vNx37FT4PFm4zV2hRtlc/QzznISN317C5FK4M="},"chainType":1,"messageKeys":{}}}}},"version":"v1"}