{"_sessions":{"BY8I17q8J6+mhhSoGVH4lgSFAPC+zPPPFAcuj558mNwe":{"registrationId":1182468378,"currentRatchet":{"ephemeralKeyPair":{"pubKey":"BZSKC6pynThLJxkVgaSFillFk2em+/nF4GPI8G2G1vdc","privKey":"qHVXWClLdqZmwV3fnjm8G5xeWi/HmdoZ1TDoifvCJ1g="},"lastRemoteEphemeralKey":"BVBisM4eKy0YBQW05r8LpaHk2c85cKmpgQ41aXD7ySt6","previousCounter":1,"rootKey":"5LtjL9K8QAjs0DUQUvXaq8/8CP83JR/sjndmoJgHJX4="},"indexInfo":{"baseKey":"BY8I17q8J6+mhhSoGVH4lgSFAPC+zPPPFAcuj558mNwe","baseKeyType":2,"closed":-1,"used":1742492386949,"created":1742490441322,"remoteIdentityKey":"BWgJUU4+hmS+fON9grJTsycXY+js0TDfFdl70QBo72UA"},"_chains":{"BY67Pn6Chi7fecckbM0ADcDSv/DSN84vZzJBGSAKd6x2":{"chainKey":{"counter":7},"chainType":2,"messageKeys":{}},"Bf5+a80O3BKxzKjhRNNoXZ/SrSbRJNXzO7m3WPRKcHx5":{"chainKey":{"counter":0},"chainType":2,"messageKeys":{}},"BVBhXajhQcAkVY2veovZn7jfzRdawWdg1/vX7eGoA1Yg":{"chainKey":{"counter":0},"chainType":2,"messageKeys":{}},"BR8mbkiXGzJ4kVLY14AwK/A0ZiVJCJ0XJ3J4PUKWQfhZ":{"chainKey":{"counter":0},"chainType":2,"messageKeys":{}},"BWtCAsTjq01Tukwgtc/a0kWqOvLGAk9s60d2VIagynJ2":{"chainKey":{"counter":0},"chainType":2,"messageKeys":{}},"Bb7aarXPV4bPrhbQZ9VxGxixizkE8NHYz994CbJl3ipK":{"chainKey":{"counter":0},"chainType":2,"messageKeys":{}},"BdXlkFwKm7OBxtcsKD2XIRDOr8zapZaFLyQEeC1RLYIV":{"chainKey":{"counter":0},"chainType":2,"messageKeys":{}},"BSl0lYWGOohG7pzEheT65//h3r5LoPU59sUA0oS4Vm9s":{"chainKey":{"counter":0},"chainType":2,"messageKeys":{}},"Bb5AH667CzkA2zDqpDdwMvdISibYFJe//tFx8dpBEydv":{"chainKey":{"counter":0},"chainType":2,"messageKeys":{}},"BWFbG2bBXlFH6qKkpj8yYhezvE1DWUCoCbphEf/KuggL":{"chainKey":{"counter":0},"chainType":2,"messageKeys":{}},"BfY3RK/HpGNR8SD2Q+GS7ijjPgUMd0sBagMm069R1Th8":{"chainKey":{"counter":0},"chainType":2,"messageKeys":{}},"BfT7eMN/JGhaFrRZ5CxZdAXthZQYoRzZDwnDGYOei5wi":{"chainKey":{"counter":0},"chainType":2,"messageKeys":{}},"BayN7ZhQ+6uJH236tpkIUnC5ZjfyTXGCKyreMKtYQytW":{"chainKey":{"counter":0},"chainType":2,"messageKeys":{}},"BS/xh/FfGLAgcvC4X/uknBz9Wpv/5FxQM5Udfla2IVco":{"chainKey":{"counter":0},"chainType":2,"messageKeys":{}},"BRvbgylHnrxAr2XSaMQOu5K2nArwDx7xZcjSJSif7Cgj":{"chainKey":{"counter":0},"chainType":2,"messageKeys":{}},"BUukXXykF4JP3Js5/B2SWj297b6R0Wama282v7nps/dr":{"chainKey":{"counter":0},"chainType":2,"messageKeys":{}},"BU10T5hSnjyyha5id86Vp7iYi6mDPO6kcr/sZl90wYAp":{"chainKey":{"counter":0},"chainType":2,"messageKeys":{}},"BRo22jPr2uHsahb1afVVW+kUBugCxxxQjCP5VShQE/tX":{"chainKey":{"counter":0},"chainType":2,"messageKeys":{}},"BWZhAZ/pQYr0Z5xjV3zVAmFzHJTJVBEjOL1kSrG8Hgcs":{"chainKey":{"counter":0},"chainType":2,"messageKeys":{}},"BTC4neSU8XZbsNNox8/wDvE8DjbHgHfp/KVuZiZi9IUj":{"chainKey":{"counter":0},"chainType":2,"messageKeys":{}},"BZTlnJc2R3EfRGfWaRwOhxN5SANSUv6z20LW/Zd+bGIJ":{"chainKey":{"counter":0},"chainType":2,"messageKeys":{}},"BWpNFvpvH65D3//R+P5CsAExbCPtpnbnk3GFRvVPA+oQ":{"chainKey":{"counter":0},"chainType":2,"messageKeys":{}},"BXk/jLyu9/PYyqDSJGBuFTmaZsgJjFsrwO9XagvhDiIc":{"chainKey":{"counter":0},"chainType":2,"messageKeys":{}},"BUU34g953D7/T7JBmp5alh44fchPmqcKzExz+7OY95Zq":{"chainKey":{"counter":0},"chainType":2,"messageKeys":{}},"BVe/Sbhcwx/V3XAyu5SzUGgHESLpVxQK3qELbe2kz/c8":{"chainKey":{"counter":0},"chainType":2,"messageKeys":{}},"BVBisM4eKy0YBQW05r8LpaHk2c85cKmpgQ41aXD7ySt6":{"chainKey":{"counter":0,"key":"Yw7ShThJs9raa2qtan7s5Q5N/d3DKhKcTMflEvKC9Rw="},"chainType":2,"messageKeys":{}},"BZSKC6pynThLJxkVgaSFillFk2em+/nF4GPI8G2G1vdc":{"chainKey":{"counter":3,"key":"fAcsn8uy9llYZkVlVNM4lY9DOCNJHIw5lMOGnOmkzPw="},"chainType":1,"messageKeys":{}}}}},"version":"v1"}