{"_sessions":{"Bco+6Fk/0bPdNYAInuLFxW6WAcG6tjLFhGIof88lCTBh":{"registrationId":1440441178,"currentRatchet":{"ephemeralKeyPair":{"pubKey":"Bdr218+MDcS8F/9at5xXYvRwXT7Tfh2L8JuKgav0Td4M","privKey":"uAbnYLlJS8Cl5j3U/oIp5fWDKiTc5xT/An5S5h1K+3E="},"lastRemoteEphemeralKey":"BRczxZh8J73jeZpuJCJMTQJtMmZ11TL4HSMjC8G8V61K","previousCounter":0,"rootKey":"rWjfuMfgsh/GzDIhSc5gV0GIx6l2on1moqDMXjkTrGs="},"indexInfo":{"baseKey":"Bco+6Fk/0bPdNYAInuLFxW6WAcG6tjLFhGIof88lCTBh","baseKeyType":1,"closed":-1,"used":1742490563793,"created":1742490563793,"remoteIdentityKey":"BcQw/LZ+9fqfdkczmAEmL/zDjBp/4R9uYU+s38M8Buk9"},"_chains":{"Bdr218+MDcS8F/9at5xXYvRwXT7Tfh2L8JuKgav0Td4M":{"chainKey":{"counter":0,"key":"BBthXoRn6qb0BQ7cLW8hGWaCSmVQvATVr09bPM24riY="},"chainType":1,"messageKeys":{}}},"pendingPreKey":{"signedKeyId":1,"baseKey":"Bco+6Fk/0bPdNYAInuLFxW6WAcG6tjLFhGIof88lCTBh","preKeyId":3760872}}},"version":"v1"}