{"_sessions":{"BXMcluyyMu8r6q2xdbEuc0+CqzEDWejBWQKlzlrW/Ug3":{"registrationId":817474292,"currentRatchet":{"ephemeralKeyPair":{"pubKey":"BYVWz38+a1T/23MWgiyyclK73tpyPMqOC1x+9pySJkFH","privKey":"oDbK4rChhiPCZE4XgBKyeXc7xxsa4CZPbsu/OUqGW04="},"lastRemoteEphemeralKey":"BSTNjmqnskBfThH1i4HwQ1swd+5GOPtTn1tSVjZnqjl/","previousCounter":0,"rootKey":"sN+HDvWCBTdIKCryPPfuRQ/5z48vAYKuGEmb3y6KmTQ="},"indexInfo":{"baseKey":"BXMcluyyMu8r6q2xdbEuc0+CqzEDWejBWQKlzlrW/Ug3","baseKeyType":1,"closed":-1,"used":1742490564215,"created":1742490564215,"remoteIdentityKey":"BdXxfPMnTr5qrnG7lZ8E4Bws52xfkcGFceKdFKwpHygW"},"_chains":{"BYVWz38+a1T/23MWgiyyclK73tpyPMqOC1x+9pySJkFH":{"chainKey":{"counter":0,"key":"ET6USyNVoA/wGUPSZDjTRN1hdubsvfx8JTXWebd/4MA="},"chainType":1,"messageKeys":{}}},"pendingPreKey":{"signedKeyId":1,"baseKey":"BXMcluyyMu8r6q2xdbEuc0+CqzEDWejBWQKlzlrW/Ug3"}}},"version":"v1"}