{"_sessions":{"BeddNM1/m9P39F+itfJxIYNN1YEJKgrpDK8bhndg0Con":{"registrationId":396398002,"currentRatchet":{"ephemeralKeyPair":{"pubKey":"BUlAlwY3c2eARlxAunyFChYgoCR+U+Lj1xS5VNcN/4J6","privKey":"cGhBbbRWrXR03p81izJDRYXl5C27ifBfIEp7752A62Y="},"lastRemoteEphemeralKey":"BYbo4wJrnPfPlT4NjEORlNSFtOTK0jPg6u1NxYsMU2hE","previousCounter":0,"rootKey":"6F8aAEtOdM2KYW/NKQ9enWa7te8PzTIRNh9hT6XxjX8="},"indexInfo":{"baseKey":"BeddNM1/m9P39F+itfJxIYNN1YEJKgrpDK8bhndg0Con","baseKeyType":1,"closed":-1,"used":1742490564509,"created":1742490564509,"remoteIdentityKey":"BdOobytb6wRaLRCcHX/ch6ibdMcOH1Hdh1+myT+UyaEm"},"_chains":{"BUlAlwY3c2eARlxAunyFChYgoCR+U+Lj1xS5VNcN/4J6":{"chainKey":{"counter":0,"key":"AKP8WI1fdOaWl7DG/frBcHoCxZzIdrvNcujFl4Yj0ZU="},"chainType":1,"messageKeys":{}}},"pendingPreKey":{"signedKeyId":2,"baseKey":"BeddNM1/m9P39F+itfJxIYNN1YEJKgrpDK8bhndg0Con","preKeyId":10395694}}},"version":"v1"}