{"_sessions":{"BVTJzWUr+Ph1q+DeENU6EjZuSXD3pvZTqMNRuiiFIAEG":{"registrationId":1157122360,"currentRatchet":{"ephemeralKeyPair":{"pubKey":"BUfNa84mFnVvBiqt/BiRpGuLRGlAy60v3QRY54wS1TIr","privKey":"mPwoIfZvDBCjXvO7NOjTs6jMBurRhH8kgQ2VChKU6XI="},"lastRemoteEphemeralKey":"BWv2NAYc8DnEbIrsnisj4yOEzc+jtTYwVwp4hodoF54k","previousCounter":0,"rootKey":"f204rC5vf2ezbD/ohsWdcxQbocbCI9Vf3bgcjBwlG+c="},"indexInfo":{"baseKey":"BVTJzWUr+Ph1q+DeENU6EjZuSXD3pvZTqMNRuiiFIAEG","baseKeyType":1,"closed":-1,"used":1742490563997,"created":1742490563997,"remoteIdentityKey":"BYqXykfOEniYomVnmRmk9G+TdZPCw3wNkWoFqNRj8AMe"},"_chains":{"BUfNa84mFnVvBiqt/BiRpGuLRGlAy60v3QRY54wS1TIr":{"chainKey":{"counter":0,"key":"CrNKdTf7MhuStUmQjQ5n5uOFLpgNZrivP6l+1A3Sliw="},"chainType":1,"messageKeys":{}}},"pendingPreKey":{"signedKeyId":12,"baseKey":"BVTJzWUr+Ph1q+DeENU6EjZuSXD3pvZTqMNRuiiFIAEG","preKeyId":16577298}}},"version":"v1"}