{"_sessions":{"BfiLnsE3kH5YHDYhW9xuwklbHWrtsz+jh0F0jRN8+BlC":{"registrationId":839003859,"currentRatchet":{"ephemeralKeyPair":{"pubKey":"BfHBXF/ZJ7LhfYReG895upHo9/7qwesdEOP1wjpItNto","privKey":"GBekw9ybl8Z6NZ+awQvBvDU8uTIgTV7KV05lm5AjIVE="},"lastRemoteEphemeralKey":"BR1LSXJ7LgadPKMkSOKJu4rlb/zMxyqzX7iC9ZYY2Eso","previousCounter":0,"rootKey":"akZNN7BtXi8gQOtYlU1D+L3EcnBH0aFAySegqeseNk0="},"indexInfo":{"baseKey":"BfiLnsE3kH5YHDYhW9xuwklbHWrtsz+jh0F0jRN8+BlC","baseKeyType":2,"closed":-1,"used":1742491421186,"created":1742491421186,"remoteIdentityKey":"BfcmfV5igIDG2U6TvdI8uD8Pmp+/sOfRhoRbC8ciPbAr"},"_chains":{"BR1LSXJ7LgadPKMkSOKJu4rlb/zMxyqzX7iC9ZYY2Eso":{"chainKey":{"counter":0,"key":"dfd2++T1sfz190utySwpnPHzsEVIEKGRkvcjvZWU3YU="},"chainType":2,"messageKeys":{}},"BfHBXF/ZJ7LhfYReG895upHo9/7qwesdEOP1wjpItNto":{"chainKey":{"counter":-1,"key":"3UbVMMTiZE/8v11Y/ZEw3RpTQCWkxURhL+t3dvLtP6Q="},"chainType":1,"messageKeys":{}}}}},"version":"v1"}