{"_sessions":{"BWaJ1IXWGkCkuDiPn2OSbNMv3Fu8B1U/149Kd2/dBqMV":{"registrationId":2085738306,"currentRatchet":{"ephemeralKeyPair":{"pubKey":"BcNC1ylT8naJMgD+0u6aK58LqQ/h2e4khlY34UO06DgG","privKey":"UNLsmwEIuWSDON0pxRydroS6VThoZHW+K2eoYzDHg3M="},"lastRemoteEphemeralKey":"Batrdb1PeNYkE45HCfuc8w1NfmV4IWm/qqcOsIPoOkNF","previousCounter":0,"rootKey":"aaD0eFEKhbAaU+DeI/K2htw2J0CqPTd2EO7IVWx27/I="},"indexInfo":{"baseKey":"BWaJ1IXWGkCkuDiPn2OSbNMv3Fu8B1U/149Kd2/dBqMV","baseKeyType":2,"closed":-1,"used":1742492785105,"created":1742492785105,"remoteIdentityKey":"BcYEjwaVwN2kmO06QF05p0IjpxOC3EyeoNjwqbSM/4xa"},"_chains":{"Batrdb1PeNYkE45HCfuc8w1NfmV4IWm/qqcOsIPoOkNF":{"chainKey":{"counter":0,"key":"bF1vRElgP7BBscs6HYOcYI2AhdwWGLb80bMVJJu/0cY="},"chainType":2,"messageKeys":{}},"BcNC1ylT8naJMgD+0u6aK58LqQ/h2e4khlY34UO06DgG":{"chainKey":{"counter":-1,"key":"eZrXoouz3Ey/6JZfQoRceDIfgOxIdfyE/A+cQvXgtVc="},"chainType":1,"messageKeys":{}}}}},"version":"v1"}