{"_sessions":{"Ba9RUxL2K81mjAxi25YaNgg3Q8Az6etKHSnOVHWfDhkI":{"registrationId":473240443,"currentRatchet":{"ephemeralKeyPair":{"pubKey":"BZkTpmpGqw6B1GdQGPUpnWn2Jmypc0s1bATBnSixfUdt","privKey":"ODlx4wt/uLRX5gEaf7khgTkvT5feta6VwExbBidHa2o="},"lastRemoteEphemeralKey":"BWCsCWf3JT64PoulCHagvj0K5kR3W55LyZEEliz4QL9T","previousCounter":0,"rootKey":"I104W2/r4+k2OR9DxuOl17GPZwHu3WrDOeKnZOBaK0I="},"indexInfo":{"baseKey":"Ba9RUxL2K81mjAxi25YaNgg3Q8Az6etKHSnOVHWfDhkI","baseKeyType":1,"closed":-1,"used":1742490564209,"created":1742490564209,"remoteIdentityKey":"BdgSVQ4WdUIMJqTL/OuHByVvlOkAb+LyCZfBQhpuH8IE"},"_chains":{"BZkTpmpGqw6B1GdQGPUpnWn2Jmypc0s1bATBnSixfUdt":{"chainKey":{"counter":0,"key":"QNlirs+AYKpM0r/s07LnEwKx3IaVd8NVRhmPmEKzVrY="},"chainType":1,"messageKeys":{}}},"pendingPreKey":{"signedKeyId":2,"baseKey":"Ba9RUxL2K81mjAxi25YaNgg3Q8Az6etKHSnOVHWfDhkI","preKeyId":9176512}}},"version":"v1"}