{"_sessions":{"BRraQzNuvxWH8WwEwLeQFMMdRAkL7rOTzXwaeWOx92dT":{"registrationId":1735806269,"currentRatchet":{"ephemeralKeyPair":{"pubKey":"BdKlrJwsPKyOesSetw4OXnglHUbpf0LmNIFuvThCFIJV","privKey":"wHNEsqmqH92CNH2liVD/eeetMfEsiLPWigXi9LSooF8="},"lastRemoteEphemeralKey":"BRwqsbvJzHsVpK1codlvjRvETn3g82uTTiXmPpdrPv0R","previousCounter":0,"rootKey":"hZoywKuqGfwTT2EZ/1oIc/dBYaqvGU61E7s+FOddnJk="},"indexInfo":{"baseKey":"BRraQzNuvxWH8WwEwLeQFMMdRAkL7rOTzXwaeWOx92dT","baseKeyType":1,"closed":-1,"used":1742490564311,"created":1742490564311,"remoteIdentityKey":"BZ9LNFsQu1qTvyp8C5KQd2LVX8k8TNzifWQJw+mfq8Ml"},"_chains":{"BdKlrJwsPKyOesSetw4OXnglHUbpf0LmNIFuvThCFIJV":{"chainKey":{"counter":0,"key":"iPtGrrDMA2pSPa6bLzTsKix1fpBXrYefzWIPQB9UzKI="},"chainType":1,"messageKeys":{}}},"pendingPreKey":{"signedKeyId":7,"baseKey":"BRraQzNuvxWH8WwEwLeQFMMdRAkL7rOTzXwaeWOx92dT","preKeyId":230466}}},"version":"v1"}