{"_sessions":{"BZ+qDcidVP85GgIN95MiKmCSoBsvWySL/f5hop+Q3JJn":{"registrationId":1909712275,"currentRatchet":{"ephemeralKeyPair":{"pubKey":"BVvVpAM5fG3+oyf+/w14b1vWScJ5FZz1kLh+KBn0N013","privKey":"SG/SqgwFBbKGebSwV2Brw2qafqMORR0uQhS6Qj0Bw3A="},"lastRemoteEphemeralKey":"BRTIvUD2FffjAq/5ZYTLPxRv5aJ+THoH5TsJiJJQiSJd","previousCounter":0,"rootKey":"1MkXYkeY28xmleHaf57U/KEgGc7Im56I8mruMsqlpWM="},"indexInfo":{"baseKey":"BZ+qDcidVP85GgIN95MiKmCSoBsvWySL/f5hop+Q3JJn","baseKeyType":1,"closed":-1,"used":1742490564112,"created":1742490564112,"remoteIdentityKey":"BTx1eHidr3zLKgG/aLg/1TE9uCJ6mvvU/R6qlSXkY5B8"},"_chains":{"BVvVpAM5fG3+oyf+/w14b1vWScJ5FZz1kLh+KBn0N013":{"chainKey":{"counter":0,"key":"4W4CdLRX2Xs5tFqSThinWQ6TMrRTi+F4mJmYvSy7+wk="},"chainType":1,"messageKeys":{}}},"pendingPreKey":{"signedKeyId":1,"baseKey":"BZ+qDcidVP85GgIN95MiKmCSoBsvWySL/f5hop+Q3JJn","preKeyId":3387704}}},"version":"v1"}