{"_sessions":{"BdxquXLrLv9I3yDoDsN5wv4ujgZBOPYAooWcwmFuuEwq":{"registrationId":1993580480,"currentRatchet":{"ephemeralKeyPair":{"pubKey":"Bb6giHE6m6iC+7LiKLDAh7MgiZqKqr4TTMHCHWcUCVxU","privKey":"4CwqLV6mFMD3ZFquQnWWy3gYuJPT18iN0rQwnnQzCGE="},"lastRemoteEphemeralKey":"BWKEtkRcpfTF9xZuZQczqPYwP8AW0K9V0qBYtbYCJewK","previousCounter":0,"rootKey":"1e4fmIBRss73QMJdN4ja0SwD0hIVe/unTeKd6su7A7o="},"indexInfo":{"baseKey":"BdxquXLrLv9I3yDoDsN5wv4ujgZBOPYAooWcwmFuuEwq","baseKeyType":1,"closed":-1,"used":1742490564290,"created":1742490564290,"remoteIdentityKey":"BRL/DO6Hx+i1lCaoo040O2dcwJGq9Bv+HeG5I8iAU4gD"},"_chains":{"Bb6giHE6m6iC+7LiKLDAh7MgiZqKqr4TTMHCHWcUCVxU":{"chainKey":{"counter":0,"key":"OZQqlDUDjwtn0NvSHgKJqMGpsmUwormj6s0aLadOmgw="},"chainType":1,"messageKeys":{}}},"pendingPreKey":{"signedKeyId":5,"baseKey":"BdxquXLrLv9I3yDoDsN5wv4ujgZBOPYAooWcwmFuuEwq","preKeyId":12710725}}},"version":"v1"}