{"_sessions":{"BdOynIe/lvCqvaB9BuDkw7cUxYqu0UJYMqV4ui5acrBj":{"registrationId":1115758974,"currentRatchet":{"ephemeralKeyPair":{"pubKey":"BSsKquFppOr8F1aZNqW8T3Dzxwzg0l1rxHStKxHOO6gS","privKey":"4A+bUl7GrEZD8cn+1POdpPhA/ffQZiCoyhIalQ4ZFXA="},"lastRemoteEphemeralKey":"BYyud4bGSXRuKl7OQzGEq3f+oP/XJBeMQGJ4BxZtM1kO","previousCounter":0,"rootKey":"e1QXyVptnriHZpq+81+UYR3gfEmMGNbNBH/l3t72apM="},"indexInfo":{"baseKey":"BdOynIe/lvCqvaB9BuDkw7cUxYqu0UJYMqV4ui5acrBj","baseKeyType":1,"closed":-1,"used":1742490563686,"created":1742490563686,"remoteIdentityKey":"BZqXXOOIEjHSIDVLLLCeSfbKCcGj+eI+PGE+AzW0iY0y"},"_chains":{"BSsKquFppOr8F1aZNqW8T3Dzxwzg0l1rxHStKxHOO6gS":{"chainKey":{"counter":0,"key":"Z2sy5y1EmaPMJU3DFNzPRIagqCJLpZW10NPEA168BGI="},"chainType":1,"messageKeys":{}}},"pendingPreKey":{"signedKeyId":9,"baseKey":"BdOynIe/lvCqvaB9BuDkw7cUxYqu0UJYMqV4ui5acrBj","preKeyId":1216}}},"version":"v1"}