{"_sessions":{"BQRqqw3/UmT0haiGk/ZtACBmRCDMzaxVMnLOeQL+vDce":{"registrationId":36286359,"currentRatchet":{"ephemeralKeyPair":{"pubKey":"Bbrlz+4TukvgO3EoEDBJR4tBKBN1fqNyoFVbY+esRdlZ","privKey":"cM/KPhGffIVF2Lq59Z1mnERXUqQY1PjGd4IupUHVRnA="},"lastRemoteEphemeralKey":"BaYQm/9uy64p/UE8spCJyglmNgf63UZXa311HGQXvthJ","previousCounter":0,"rootKey":"34xA2Ctx/u6YSYEzQXsccozauFw5OX6ZgO/It275KMY="},"indexInfo":{"baseKey":"BQRqqw3/UmT0haiGk/ZtACBmRCDMzaxVMnLOeQL+vDce","baseKeyType":1,"closed":-1,"used":1742490563894,"created":1742490563894,"remoteIdentityKey":"BT/T3uGmLSSbISnm4yUm8IWz7z5GrmocThEWvj8B31cM"},"_chains":{"Bbrlz+4TukvgO3EoEDBJR4tBKBN1fqNyoFVbY+esRdlZ":{"chainKey":{"counter":0,"key":"jF4KNVYl4Fvy9QjfX2a6V/R2qMK/uZ1EaQCRDq6fIcs="},"chainType":1,"messageKeys":{}}},"pendingPreKey":{"signedKeyId":2,"baseKey":"BQRqqw3/UmT0haiGk/ZtACBmRCDMzaxVMnLOeQL+vDce","preKeyId":5119849}}},"version":"v1"}