{"_sessions":{"BS2qjI/dZjJ7ea+69vdB9Sz8wQtAPe0hyBa/UeFENEMj":{"registrationId":1025331917,"currentRatchet":{"ephemeralKeyPair":{"pubKey":"BWO+dN3gU0G9oZ3QSObp7RoZnIxFnZTS+YJOMxeuwdM9","privKey":"yF1TJCi2PM+Fg1HYnuWJvRAodlG44u4VSq6F1HMh/mg="},"lastRemoteEphemeralKey":"BavzfPF8VEhJF3Z7mZKUZcOkqlXb1B054EJsa/Z7UOdH","previousCounter":0,"rootKey":"S7qx+D2zsILrwol60gkNtJDYyRzR47Wqiit7AWPV6CI="},"indexInfo":{"baseKey":"BS2qjI/dZjJ7ea+69vdB9Sz8wQtAPe0hyBa/UeFENEMj","baseKeyType":1,"closed":-1,"used":1742490564077,"created":1742490564077,"remoteIdentityKey":"BUzsiY/ulwb3VSu69zIUHe5DvuWGGRCiDNdOuJAMn0wT"},"_chains":{"BWO+dN3gU0G9oZ3QSObp7RoZnIxFnZTS+YJOMxeuwdM9":{"chainKey":{"counter":0,"key":"0kxQ+2Z4u6WsSXqJmbRspFBEh+KKH4lMADeS9khY6YU="},"chainType":1,"messageKeys":{}}},"pendingPreKey":{"signedKeyId":3,"baseKey":"BS2qjI/dZjJ7ea+69vdB9Sz8wQtAPe0hyBa/UeFENEMj","preKeyId":14310745}}},"version":"v1"}