{"_sessions":{"BWNsf1DKCohWJxLwzXIihUUuKhzNEfmHHQYbjac6OnEa":{"registrationId":1779127638,"currentRatchet":{"ephemeralKeyPair":{"pubKey":"BYz5rvOxAXz/Tlqs/IQoBldXnPUMr5mWBBHx57BYhs5A","privKey":"qCLEE4mo/N0eJgxLogW7A5QSN05aVudR/GMqv2V0UGc="},"lastRemoteEphemeralKey":"BQGHA9aMhoXloM8TOi6UP1a4+8IlyXDhG+Cr5QCxV4lO","previousCounter":0,"rootKey":"hUsDhrd04I13UODDQxlFtlWm2yk1NLh6pKbHOPBXN3s="},"indexInfo":{"baseKey":"BWNsf1DKCohWJxLwzXIihUUuKhzNEfmHHQYbjac6OnEa","baseKeyType":2,"closed":-1,"used":1742492668792,"created":1742492668792,"remoteIdentityKey":"BRGoAIJ1Hk36vhmquywAdCCjLPCllebfteIJp85D9Qs4"},"_chains":{"BQGHA9aMhoXloM8TOi6UP1a4+8IlyXDhG+Cr5QCxV4lO":{"chainKey":{"counter":0,"key":"6h8R1kU0o7shUpQzMTi2OnfJjQ46+rHkMIjvg1wGqJI="},"chainType":2,"messageKeys":{}},"BYz5rvOxAXz/Tlqs/IQoBldXnPUMr5mWBBHx57BYhs5A":{"chainKey":{"counter":-1,"key":"7PpYEosef6kLdqDvXtlOQ4ai9iYQPdI4QHVsG0qRowc="},"chainType":1,"messageKeys":{}}}}},"version":"v1"}