{"_sessions":{"Bc9UQm2gW8eOIWdgRlpi/q5UbabFGdtZjCy4gMnnen45":{"registrationId":969568620,"currentRatchet":{"ephemeralKeyPair":{"pubKey":"BUAGi6uWJb83voGUHNJ6np/Ze116K+hyqFk5sj8Y3Odz","privKey":"OIiDA3CXWcKbgXHYB8ztrz0k0ktmIhlzMLpWNfNGWmU="},"lastRemoteEphemeralKey":"BXaVLLxc/RdN3mRNHRvuZiA6LlD7zx9jtQREFan8ZbAc","previousCounter":0,"rootKey":"/W8qRJ5SPU0sgp4Tkk/VrGa+Z+gdZMlbZmQc0WeDY7M="},"indexInfo":{"baseKey":"Bc9UQm2gW8eOIWdgRlpi/q5UbabFGdtZjCy4gMnnen45","baseKeyType":1,"closed":-1,"used":1742490564314,"created":1742490564314,"remoteIdentityKey":"BU7kdnzpYdq4t0ryxJew2OZwMuz8p02RTDRQ6UY3Y50k"},"_chains":{"BUAGi6uWJb83voGUHNJ6np/Ze116K+hyqFk5sj8Y3Odz":{"chainKey":{"counter":0,"key":"cALOLFd9s0Lk7OJGeskpbGX/sBW2/2wWriDau7moeg8="},"chainType":1,"messageKeys":{}}},"pendingPreKey":{"signedKeyId":14,"baseKey":"Bc9UQm2gW8eOIWdgRlpi/q5UbabFGdtZjCy4gMnnen45","preKeyId":9812991}}},"version":"v1"}