{"_sessions":{"Bdu9z+66Y0HRpflkKgyUo/VEmZq52dn5B0IB7Oa+rFgm":{"registrationId":1672467746,"currentRatchet":{"ephemeralKeyPair":{"pubKey":"BYQzw9vT4xec4QxvHkEslC/jA9vIDZOCv6CXHVUP8JBO","privKey":"KKwSKEZniztqeguXr1NhsqCJwerWHuK3aanpPkDTm1g="},"lastRemoteEphemeralKey":"BasZep7ogeTwYroh3lAJunpucgTA82FvQObfKL2ozkZy","previousCounter":0,"rootKey":"Xxt5rChc1p89nHkEAKJP5HRADsAOyMygk+N67SBa0hI="},"indexInfo":{"baseKey":"Bdu9z+66Y0HRpflkKgyUo/VEmZq52dn5B0IB7Oa+rFgm","baseKeyType":1,"closed":-1,"used":1742490563904,"created":1742490563904,"remoteIdentityKey":"BRroOgDcuYWurd0f4GT6v9RG3eQmkc8s6um4CP08d2xL"},"_chains":{"BYQzw9vT4xec4QxvHkEslC/jA9vIDZOCv6CXHVUP8JBO":{"chainKey":{"counter":0,"key":"ul6KHvTkhkxkjek3CbtVN2FV9vOnga7+DGtKtbdvyEc="},"chainType":1,"messageKeys":{}}},"pendingPreKey":{"signedKeyId":9,"baseKey":"Bdu9z+66Y0HRpflkKgyUo/VEmZq52dn5B0IB7Oa+rFgm","preKeyId":2626463}}},"version":"v1"}