{"_sessions":{"BZdWyWu5lNhcfareazd2mf1vTtWM6PVr6ZNkMz86t8hM":{"registrationId":1769093980,"currentRatchet":{"ephemeralKeyPair":{"pubKey":"BbbWOKnvU+UBra0JMt8wbpijY+tA443Sh1h8NvjQ3K1a","privKey":"YH1O+yBQyT+wW5AFBxWvdkp0I6rTjUcpuRxqtx4vI2M="},"lastRemoteEphemeralKey":"BbJ962OhHyeKYX70QJRLb3ehw1qoCscwE5Jn6ASehPIP","previousCounter":0,"rootKey":"OY1CwkXnw1mX1bDTzjitVrYpCb+pJPZvGKxPe5xm7UQ="},"indexInfo":{"baseKey":"BZdWyWu5lNhcfareazd2mf1vTtWM6PVr6ZNkMz86t8hM","baseKeyType":1,"closed":-1,"used":1742490563897,"created":1742490563897,"remoteIdentityKey":"BRP6YJFTfmx4mQDxgj0aIOSlh6koWvFjBEh5jKsfCFt0"},"_chains":{"BbbWOKnvU+UBra0JMt8wbpijY+tA443Sh1h8NvjQ3K1a":{"chainKey":{"counter":0,"key":"ClB7vFq2Ak9MNuxiktnaF3jBOVG83qnzWpUpHsWLg+E="},"chainType":1,"messageKeys":{}}},"pendingPreKey":{"signedKeyId":19,"baseKey":"BZdWyWu5lNhcfareazd2mf1vTtWM6PVr6ZNkMz86t8hM","preKeyId":4294565}}},"version":"v1"}