{"_sessions":{"BQ8bjtunompGV2PBjtQlznKE+dGvyat/QAtlNA6Xmmhr":{"registrationId":1265149536,"currentRatchet":{"ephemeralKeyPair":{"pubKey":"BZkytLD+8plxg6BPXltLQxS+3e84LCX2nRwqc9NLFoo9","privKey":"YDveV8ujvo98tJ5KMutpNkOGIzvnviuMV+sVAdJBcUA="},"lastRemoteEphemeralKey":"Bav+nzpK8hnv9UU/MlhJj+x9/gyHW9WSR+QLIsmt3scQ","previousCounter":0,"rootKey":"OR1Mm8ZD1uOyOzHnjgGzzsie/u4GKXhvi86W210Lv4M="},"indexInfo":{"baseKey":"BQ8bjtunompGV2PBjtQlznKE+dGvyat/QAtlNA6Xmmhr","baseKeyType":2,"closed":-1,"used":1742492301894,"created":1742492301894,"remoteIdentityKey":"BZnlzKx2JqNzIjMzQ/BfIb50mYIyHyAHfd/6cEoEAnUL"},"_chains":{"Bav+nzpK8hnv9UU/MlhJj+x9/gyHW9WSR+QLIsmt3scQ":{"chainKey":{"counter":1,"key":"2MCLMpvfU1ZyTEyF3eaGCnnL3JMyQfD4RHN9vm7DgrM="},"chainType":2,"messageKeys":{}},"BZkytLD+8plxg6BPXltLQxS+3e84LCX2nRwqc9NLFoo9":{"chainKey":{"counter":-1,"key":"lvL3EdFG77ZFOB4lhJJtgrtFs5KdsABJmwZ29F1jY4c="},"chainType":1,"messageKeys":{}}}}},"version":"v1"}