{"_sessions":{"BX9KVgTNifmjQ/JMT+3wpEwTFpzohVuifkNrbwDNbds0":{"registrationId":1950425927,"currentRatchet":{"ephemeralKeyPair":{"pubKey":"BdTlfX8xCGlSXuIj8rXDe/Lb5t5BWHSdBv8y/uiO2DRJ","privKey":"EAnpBSCTCsHRCqGWe2uu/2N3glUz306B6oJXRCZQCWc="},"lastRemoteEphemeralKey":"BX9jAxEra3A3h0o8IZ3F6wqULWFN+Rv3cuu1Ou3/RsQj","previousCounter":0,"rootKey":"qP3k8beRpwjvwx+5H9Rxy/eneb3WEANs+7f6UMiK+64="},"indexInfo":{"baseKey":"BX9KVgTNifmjQ/JMT+3wpEwTFpzohVuifkNrbwDNbds0","baseKeyType":2,"closed":-1,"used":1742492303091,"created":1742492303091,"remoteIdentityKey":"BXCQX/qyBq42sigrmoZFfFL1434rcKOElYHcDYjnPrAu"},"_chains":{"BX9jAxEra3A3h0o8IZ3F6wqULWFN+Rv3cuu1Ou3/RsQj":{"chainKey":{"counter":1,"key":"Ngs12vYzuP29muUYEc/M9Y5ZpM4xvVud0zsyWBY+yJo="},"chainType":2,"messageKeys":{}},"BdTlfX8xCGlSXuIj8rXDe/Lb5t5BWHSdBv8y/uiO2DRJ":{"chainKey":{"counter":-1,"key":"kL221dgGVU7Gkd5B0GeoHiVMljX/tsnmEvfBDbJkEKk="},"chainType":1,"messageKeys":{}}}}},"version":"v1"}