{"_sessions":{"BZjMId2xCJPE1vp6kcajCTDdfGBSK2E/2zKuu1u8du9s":{"registrationId":1666799589,"currentRatchet":{"ephemeralKeyPair":{"pubKey":"BeBEMjfgL0dGi4VFuaHTesWkEwe3ThFFGa+SAh+UZtcX","privKey":"oCytR805R/d4zvZMUVpzGSu+PfyDYuwTi4EgmKmmv1g="},"lastRemoteEphemeralKey":"BaLSjjXHQlZh8FWlJJFaOXIYHcMTWNKoeQCbo6W43rBN","previousCounter":0,"rootKey":"pt9+pZwEcGMp0TSVyTo6LP2Q4pdEiLLzjNeIyRPSgTc="},"indexInfo":{"baseKey":"BZjMId2xCJPE1vp6kcajCTDdfGBSK2E/2zKuu1u8du9s","baseKeyType":1,"closed":-1,"used":1742490563985,"created":1742490563985,"remoteIdentityKey":"Bcp+AfndrYRIb793ERexpfb6OMRg+zVSoaNXhKtucARo"},"_chains":{"BeBEMjfgL0dGi4VFuaHTesWkEwe3ThFFGa+SAh+UZtcX":{"chainKey":{"counter":0,"key":"krg1lRdRBcMlsuR954PgAKRDVNX9J8WpNcGaYx3ml4M="},"chainType":1,"messageKeys":{}}},"pendingPreKey":{"signedKeyId":1,"baseKey":"BZjMId2xCJPE1vp6kcajCTDdfGBSK2E/2zKuu1u8du9s","preKeyId":399899}}},"version":"v1"}