{"_sessions":{"BbtsOi122Mqmnnyuy4knFXFoSLYXPR4BBlbzrakkJVpR":{"registrationId":511020997,"currentRatchet":{"ephemeralKeyPair":{"pubKey":"BWNomRpefTEsDUByhFfG3Q1fExl7B9xe0gaD2Gy/8XgQ","privKey":"GHTjFhqwnh9kSr//HNsd4OIx92r4fMzjj1UqtKjeLmc="},"lastRemoteEphemeralKey":"BarNCYf5zmVuCKtrXWpwGvUcaTQO4oiqv0/O8/PHX30m","previousCounter":0,"rootKey":"Gveu5nFTr9TOhAl1vP/tRHuQ5w2SS54ccKv0v2OjsUU="},"indexInfo":{"baseKey":"BbtsOi122Mqmnnyuy4knFXFoSLYXPR4BBlbzrakkJVpR","baseKeyType":2,"closed":-1,"used":1742492331476,"created":1742492331476,"remoteIdentityKey":"BYxqm4nHB+bJwRMHy5qcYqlXiIKNgW5qKK79ay28tzgl"},"_chains":{"BarNCYf5zmVuCKtrXWpwGvUcaTQO4oiqv0/O8/PHX30m":{"chainKey":{"counter":1,"key":"vF75RYj+1iFHdYkV/ipIoXuUNrwkj75mgsxWXgvX1ss="},"chainType":2,"messageKeys":{}},"BWNomRpefTEsDUByhFfG3Q1fExl7B9xe0gaD2Gy/8XgQ":{"chainKey":{"counter":-1,"key":"cUlLE385XHXX/mwIo0lp1RUve2appLkF8O7DFKpaqGE="},"chainType":1,"messageKeys":{}}}}},"version":"v1"}