{"_sessions":{"BR1UlMPKRszgEWwQVDcdmiExPknsZWyZ2W9ZKk/v7plO":{"registrationId":1663176349,"currentRatchet":{"ephemeralKeyPair":{"pubKey":"BaPa2NSd8sMhmG6pDBijIXc2/nd4Sd5G2b7jMGnOyaZ/","privKey":"CHtt1rnWm8rtmEVFkM0DMezVzfadzudxD1YrLhu8O0E="},"lastRemoteEphemeralKey":"BVYoCxi1ue00gmqw58O7d8uTPI5To6rgSCGGkZEytbRy","previousCounter":0,"rootKey":"+wb1rwRLkJRRt2y0F5QKzQk9hyBgDMHt73geRKPP+MY="},"indexInfo":{"baseKey":"BR1UlMPKRszgEWwQVDcdmiExPknsZWyZ2W9ZKk/v7plO","baseKeyType":1,"closed":-1,"used":1742490564203,"created":1742490564203,"remoteIdentityKey":"BZdxqopMmGMCieP6GMb63bMRy5XNI/sOn8uI/falkP8d"},"_chains":{"BaPa2NSd8sMhmG6pDBijIXc2/nd4Sd5G2b7jMGnOyaZ/":{"chainKey":{"counter":0,"key":"Wsh0UXEbfA5SjC1a6xtFRHkg2AlH1HeVcCBb9Uho8K0="},"chainType":1,"messageKeys":{}}},"pendingPreKey":{"signedKeyId":1,"baseKey":"BR1UlMPKRszgEWwQVDcdmiExPknsZWyZ2W9ZKk/v7plO","preKeyId":7535134}}},"version":"v1"}