{"_sessions":{"BWsYpwNH9WGgBipTew294NPz3eRIRGM841/YoKPvcIdl":{"registrationId":838779917,"currentRatchet":{"ephemeralKeyPair":{"pubKey":"Bc+/ZQiMvwe6y2QcdCLXFaap0YFqrOa4IAvoAI/XzzIO","privKey":"sLY6klmWubbG2cSpsvDxvyjG4vsqMeorcFHA/KQvyXM="},"lastRemoteEphemeralKey":"BRlVHWCqjonJW3hPkprbzak48we5+f84ak57vS2ghHpA","previousCounter":0,"rootKey":"I4GeDldpUmWlnXEi2IoGBBIvzzkr/tTDQQvbNpddAY8="},"indexInfo":{"baseKey":"BWsYpwNH9WGgBipTew294NPz3eRIRGM841/YoKPvcIdl","baseKeyType":1,"closed":-1,"used":1742490564477,"created":1742490564477,"remoteIdentityKey":"BQC+xfsQoJxWH8ctVQH7ByNqgzzUiJpiav6pN0BHPuso"},"_chains":{"Bc+/ZQiMvwe6y2QcdCLXFaap0YFqrOa4IAvoAI/XzzIO":{"chainKey":{"counter":0,"key":"fW+DB1aOnHj1rWmvKsou+oC8kob6Md+wRAaqUiwa0dY="},"chainType":1,"messageKeys":{}}},"pendingPreKey":{"signedKeyId":0,"baseKey":"BWsYpwNH9WGgBipTew294NPz3eRIRGM841/YoKPvcIdl","preKeyId":5690729}}},"version":"v1"}