{"_sessions":{"Baqvlm6dhwdBqkXJGEx0c9mAfCGxe2+NxHUACNTSHZpV":{"registrationId":502280811,"currentRatchet":{"ephemeralKeyPair":{"pubKey":"BXm0VvetZaXbzJhJdRz+yFAB3i/d7S/ylKOf7AVCEARn","privKey":"KAP9Z7lOaVezo0LKFN6YZrArFvHJd4nkLyM33y3GFFY="},"lastRemoteEphemeralKey":"Bew6sgIDTth5Y9QxNCg2/nVfqvQI7iiQhOdCQOE0nCEU","previousCounter":0,"rootKey":"51G/YvLEXxZ1y4EmroHnrr1LkE+lrBWvGUYPXaNlKeU="},"indexInfo":{"baseKey":"Baqvlm6dhwdBqkXJGEx0c9mAfCGxe2+NxHUACNTSHZpV","baseKeyType":1,"closed":-1,"used":1742490564370,"created":1742490564370,"remoteIdentityKey":"Bf4lqCo5CczThLBx6MdfJo+q45bj/FwpB1K8I38qDwRW"},"_chains":{"BXm0VvetZaXbzJhJdRz+yFAB3i/d7S/ylKOf7AVCEARn":{"chainKey":{"counter":0,"key":"I7jZs5Ne7csBLsQqRcpJhvPztXGotYvHFTSlUi6YgIE="},"chainType":1,"messageKeys":{}}},"pendingPreKey":{"signedKeyId":0,"baseKey":"Baqvlm6dhwdBqkXJGEx0c9mAfCGxe2+NxHUACNTSHZpV","preKeyId":15217891}}},"version":"v1"}