{"_sessions":{"BfLgMQi9ULxTFo0zf89DlORSkHrFAUyrpIckMEYMHjhl":{"registrationId":1583614985,"currentRatchet":{"ephemeralKeyPair":{"pubKey":"Bb7O3+Qg7tAhl1WAXuk0uDDdIE6hflxbrS0Ejs1XYFgN","privKey":"4GULMLkRS6IFUP22YOyKerPUpiXvK2mg9hNeeJqPGmM="},"lastRemoteEphemeralKey":"BRUTpE2BlbS5TJISbb+QVgyZ5K2ipx/LjSYC5ts6Johi","previousCounter":0,"rootKey":"gcy8bs1+9wdbDGiNecsk+83l7/Czo+NWwP09GeWItI0="},"indexInfo":{"baseKey":"BfLgMQi9ULxTFo0zf89DlORSkHrFAUyrpIckMEYMHjhl","baseKeyType":1,"closed":-1,"used":1742490564576,"created":1742490564576,"remoteIdentityKey":"BVaE19qmM7F/dl31Ybv4t8RMmHutgXpJLtCZvPVx9H4Y"},"_chains":{"Bb7O3+Qg7tAhl1WAXuk0uDDdIE6hflxbrS0Ejs1XYFgN":{"chainKey":{"counter":0,"key":"AiIUI/CHGZ0UST7ONauyJk4MQJo3fjESpNdNb3lCk60="},"chainType":1,"messageKeys":{}}},"pendingPreKey":{"signedKeyId":26,"baseKey":"BfLgMQi9ULxTFo0zf89DlORSkHrFAUyrpIckMEYMHjhl","preKeyId":1668090}}},"version":"v1"}