{"_sessions":{"BUaXLrBdE3CmAFqM9wvGyPjWmDI3Lw/CyMFuUCgCpzBk":{"registrationId":786357327,"currentRatchet":{"ephemeralKeyPair":{"pubKey":"BepGrEIjEw+5ilkMypta//13WYrQ2pZGGpEQU7klYXRH","privKey":"6KZnolRlYufPfff9+WMG5ZWLNdvtHb5TW7YfJcFEt0g="},"lastRemoteEphemeralKey":"BYN0d1uojuI2sY/oEfw2piXpGjXqWGBqR2/jZUqE0J1C","previousCounter":0,"rootKey":"y+HsuT1TcWzEFQydRBZuoJCNL5qrR6A86df9VvSPxZk="},"indexInfo":{"baseKey":"BUaXLrBdE3CmAFqM9wvGyPjWmDI3Lw/CyMFuUCgCpzBk","baseKeyType":1,"closed":-1,"used":1742490563705,"created":1742490563705,"remoteIdentityKey":"BW9k+VgVLoGbEphhR2hGNvJaUublCy6c6lsKxha9EuQO"},"_chains":{"BepGrEIjEw+5ilkMypta//13WYrQ2pZGGpEQU7klYXRH":{"chainKey":{"counter":0,"key":"ddtAaz6HKTdh6gPFWuB36uGpqXaNKxYEXIGwht5ZnUE="},"chainType":1,"messageKeys":{}}},"pendingPreKey":{"signedKeyId":0,"baseKey":"BUaXLrBdE3CmAFqM9wvGyPjWmDI3Lw/CyMFuUCgCpzBk","preKeyId":720574}}},"version":"v1"}