{"_sessions":{"BbpnbFsW8GuWXOlycomviLL+kJiKvM7lixm1x6/ff3xp":{"registrationId":117082553,"currentRatchet":{"ephemeralKeyPair":{"pubKey":"Ba24Pn9Ya1e8LU2VuPsMLXRm59ucQIhp86wusWYXMcF/","privKey":"iJkDkZvwIjhad27+T11/XSnzpOz6H2fhIL+ioH1ORU0="},"lastRemoteEphemeralKey":"BS5Vpam5BXE1iTXun7poUB1pdJCAoe8kBzpPnfgw7Llv","previousCounter":0,"rootKey":"L7+WBbyCZ6lMtq3VW6ORQN2INJZw6SQw1Qmsj6fkOic="},"indexInfo":{"baseKey":"BbpnbFsW8GuWXOlycomviLL+kJiKvM7lixm1x6/ff3xp","baseKeyType":1,"closed":-1,"used":1742490563912,"created":1742490563912,"remoteIdentityKey":"BWY4+W5n6KKfb29hFlQMmCh+AGGHOJgzxZfr3nsQrCp2"},"_chains":{"Ba24Pn9Ya1e8LU2VuPsMLXRm59ucQIhp86wusWYXMcF/":{"chainKey":{"counter":0,"key":"23KvJzquntT2UrDq7+3fv85TT1ch3aSvwQO0tVamOlU="},"chainType":1,"messageKeys":{}}},"pendingPreKey":{"signedKeyId":1,"baseKey":"BbpnbFsW8GuWXOlycomviLL+kJiKvM7lixm1x6/ff3xp","preKeyId":13284073}}},"version":"v1"}