{"_sessions":{"BXecevWOiHSORBx7W9mI8rW9SUfwnWcPGHG9kqfPZdt2":{"registrationId":2105507475,"currentRatchet":{"ephemeralKeyPair":{"pubKey":"BWJZB0TXemBAZsJufJtayVDN2UdrM9ZWx5Qsym5/pAc3","privKey":"8HlUyuAv+gC0ggo5i/21D2YSLeafofeJIJ7kK5qOeUE="},"lastRemoteEphemeralKey":"BQi94YV2F4fsAk2H5Ii1+VgDSs5k6rrkp+vzu2FBzQ9h","previousCounter":0,"rootKey":"LUCHCb7fNt0Lq3qtOyl90+qt1NQJi0/raDOw2BP2R2M="},"indexInfo":{"baseKey":"BXecevWOiHSORBx7W9mI8rW9SUfwnWcPGHG9kqfPZdt2","baseKeyType":1,"closed":-1,"used":1742490564670,"created":1742490564670,"remoteIdentityKey":"Ba4PabOGzg7un7KHIxGv69zDbdQILYreazrZbaiTasIL"},"_chains":{"BWJZB0TXemBAZsJufJtayVDN2UdrM9ZWx5Qsym5/pAc3":{"chainKey":{"counter":0,"key":"yqY9bJ00NcqlcgTAEL5efDfjAfAYRftj6aLbEisfyzA="},"chainType":1,"messageKeys":{}}},"pendingPreKey":{"signedKeyId":0,"baseKey":"BXecevWOiHSORBx7W9mI8rW9SUfwnWcPGHG9kqfPZdt2","preKeyId":7598596}}},"version":"v1"}