{"_sessions":{"BQ2wCRsiHzV/fE4EBwXbnxDSUkk5wMv46v+ZuhAw13p3":{"registrationId":1093912330,"currentRatchet":{"ephemeralKeyPair":{"pubKey":"BWfT6srX/LQaBMCBlwq9/TmC69FPoWY6XDWXg8eh/E16","privKey":"OI4nShTTFAnVWz91fnDSpUUKnSMHM3UtnGXFAy2V6UA="},"lastRemoteEphemeralKey":"BQTdy9HlBS4yNqGcEYy33O+6AE91viZWGLKSS6YDQrB2","previousCounter":0,"rootKey":"r0iJhUux7ogoyr6umUPALKi/SMEHW4tj7ejRlXl9sJc="},"indexInfo":{"baseKey":"BQ2wCRsiHzV/fE4EBwXbnxDSUkk5wMv46v+ZuhAw13p3","baseKeyType":2,"closed":-1,"used":1742490727960,"created":1742490727960,"remoteIdentityKey":"BRVDwGVcTz3H3N7Ht0Tzf2bG37QuZtx5DUq60Dsr024p"},"_chains":{"BQTdy9HlBS4yNqGcEYy33O+6AE91viZWGLKSS6YDQrB2":{"chainKey":{"counter":0,"key":"J9kkZZzFIO4Woccm671MFVNsUjtKJFa/BlRzSEqvEEM="},"chainType":2,"messageKeys":{}},"BWfT6srX/LQaBMCBlwq9/TmC69FPoWY6XDWXg8eh/E16":{"chainKey":{"counter":-1,"key":"yVGk29Ved1WkET6CjUd3JaeiiqGrGRSUGHR79ssIti0="},"chainType":1,"messageKeys":{}}}}},"version":"v1"}