{"_sessions":{"BSgVeeZb2uP+K7GyQSxz+ygEMge6tghXYJbZTzGvnCxx":{"registrationId":276273437,"currentRatchet":{"ephemeralKeyPair":{"pubKey":"BZlFyL74TxGpGpsm4ajdPHKQrGSlx9x0Vyn/M2IHIwVY","privKey":"uDJaHq+5MMFKh/ID/6pOiUTnbHdXqtR7rIcZkWO4n3M="},"lastRemoteEphemeralKey":"Be42aJHM6crEclu2WQePCiUmckRu7oV2hNswfg2TgBVW","previousCounter":0,"rootKey":"vxb0Jkr47d0tTCBxZak7Xtvw2HW7RfdnBFJ8N0NOygI="},"indexInfo":{"baseKey":"BSgVeeZb2uP+K7GyQSxz+ygEMge6tghXYJbZTzGvnCxx","baseKeyType":1,"closed":-1,"used":1742490564081,"created":1742490564081,"remoteIdentityKey":"BWNtEe9HtxPdCxWWM6lzMk1pSqtVYojsKjv9HIH7wy9x"},"_chains":{"BZlFyL74TxGpGpsm4ajdPHKQrGSlx9x0Vyn/M2IHIwVY":{"chainKey":{"counter":0,"key":"OZk4Vhhuv9gT9buCdiJpprmWuZLBvCcW0lsnhTsxWCI="},"chainType":1,"messageKeys":{}}},"pendingPreKey":{"signedKeyId":46,"baseKey":"BSgVeeZb2uP+K7GyQSxz+ygEMge6tghXYJbZTzGvnCxx","preKeyId":5381833}}},"version":"v1"}