{"_sessions":{"BQA6Oy0VqYYSqMVo6QR9WKgCCpM4GNnfx8dh9NjW7KJd":{"registrationId":2072260783,"currentRatchet":{"ephemeralKeyPair":{"pubKey":"BUGiZvZhvTmvxn4+bgukQRI3QX28SR7kC/qrLfG6eY5Y","privKey":"oJK15Ofwm6MrGsdBD1IHpY0ZJaEyGys608XCYKP3+UU="},"lastRemoteEphemeralKey":"BQ0Baj/VXjgOVGlUnh7Qm986nWn1e8I1KUuvMOKuL6sv","previousCounter":0,"rootKey":"Fn0oy/jHqkR6Se8UqRhieF1EyM0B19Qk/DYwlcoG0MQ="},"indexInfo":{"baseKey":"BQA6Oy0VqYYSqMVo6QR9WKgCCpM4GNnfx8dh9NjW7KJd","baseKeyType":1,"closed":-1,"used":1742490564605,"created":1742490564605,"remoteIdentityKey":"Bet6MyGj28rlyr70GDGi3UeuAjeBBDlVLDnp1bF/q19w"},"_chains":{"BUGiZvZhvTmvxn4+bgukQRI3QX28SR7kC/qrLfG6eY5Y":{"chainKey":{"counter":0,"key":"RzJCBp7pMii0spjW4d6Iw9JYgUvxsQAcj4iXBF47riU="},"chainType":1,"messageKeys":{}}},"pendingPreKey":{"signedKeyId":7,"baseKey":"BQA6Oy0VqYYSqMVo6QR9WKgCCpM4GNnfx8dh9NjW7KJd","preKeyId":4508710}}},"version":"v1"}