{"_sessions":{"BTaEhsNFepkBoqXujDJDArpQEDwxywUXn+rpiOklGdJM":{"registrationId":2143271577,"currentRatchet":{"ephemeralKeyPair":{"pubKey":"BUjTIrLMLJY7J5uqHthFcTbN7sA3G15N7nopI5BvFR8/","privKey":"mOt5/QkFG2V1DQIbKG8eno/b2Ad+fk1Dn6D0IQ203GQ="},"lastRemoteEphemeralKey":"Bfo8QaYqLw7Qd6QIwyuScb9i6J+SqvVhvU+gHpJnzxV7","previousCounter":0,"rootKey":"ew1NNYfOcbsZ53N/54vYa2RpiGYM6IPij1PcH8uuRws="},"indexInfo":{"baseKey":"BTaEhsNFepkBoqXujDJDArpQEDwxywUXn+rpiOklGdJM","baseKeyType":2,"closed":-1,"used":1742491419885,"created":1742491419885,"remoteIdentityKey":"BfITLAmmZ5A0KSXBDEVC0W50vyzWU+wMW79ix9FjfNA0"},"_chains":{"Bfo8QaYqLw7Qd6QIwyuScb9i6J+SqvVhvU+gHpJnzxV7":{"chainKey":{"counter":1,"key":"L4Pi6HlCVx4pjw+Ls/DlnJsonS9WQE1VGY9nOm8SHfc="},"chainType":2,"messageKeys":{}},"BUjTIrLMLJY7J5uqHthFcTbN7sA3G15N7nopI5BvFR8/":{"chainKey":{"counter":-1,"key":"c6HcACkEq7xcnpVZaNwbGdawWgWpId/q1T8HWBwCQLU="},"chainType":1,"messageKeys":{}}}}},"version":"v1"}