{"_sessions":{"Bd0dplVHD90dvcc4SmXSvN3nhJu/laVA8LSegOT63pUp":{"registrationId":1401566225,"currentRatchet":{"ephemeralKeyPair":{"pubKey":"BX1xWcvej8l7NEI8KhMSGO7eWXoA0rUlO92OYGngSm8f","privKey":"CF5IdOj71dzqqhq1a5waUWbEG/tvHENtBtKQDd5GXVg="},"lastRemoteEphemeralKey":"BSAB4jhE8G+M5xfSiY29ygcn3Jzu2TFuHwvIutSuYwZA","previousCounter":0,"rootKey":"n7ypo1gY556a/STAAM4tCq5AnTANe7KAnj2jQtO7Z/0="},"indexInfo":{"baseKey":"Bd0dplVHD90dvcc4SmXSvN3nhJu/laVA8LSegOT63pUp","baseKeyType":1,"closed":-1,"used":1742490563814,"created":1742490563814,"remoteIdentityKey":"BUkTz73kA6WzGIRrCr9nLi4Ik22TODFkpU4YdM1CzilI"},"_chains":{"BX1xWcvej8l7NEI8KhMSGO7eWXoA0rUlO92OYGngSm8f":{"chainKey":{"counter":0,"key":"qzANu1bMMy0Hqs6SmeXLRDZMloEFSUG1lVLFmX8CcVY="},"chainType":1,"messageKeys":{}}},"pendingPreKey":{"signedKeyId":4,"baseKey":"Bd0dplVHD90dvcc4SmXSvN3nhJu/laVA8LSegOT63pUp","preKeyId":6012623}}},"version":"v1"}