{"_sessions":{"BTVtTHBE4xHyekKBe1g7K0onY60ksImbofUmcYzcmFI5":{"registrationId":655885959,"currentRatchet":{"ephemeralKeyPair":{"pubKey":"BY1gWmN6orMFWUSwL/iy8eQdeiy2QgcWXyHLFBqnNnEV","privKey":"UNGjsVqI9hUXITwJw9NAnsvPzkCE2PzG2HLTv0cxK2E="},"lastRemoteEphemeralKey":"BdzJKQ11BjSMDsbBQA4kCAbVZ0BKcMTxP5i0Vf1MvoIp","previousCounter":0,"rootKey":"yiw6Rgdy0NOM0lyXsUEtqLu8ago2bWHqJ/f+lppd2fU="},"indexInfo":{"baseKey":"BTVtTHBE4xHyekKBe1g7K0onY60ksImbofUmcYzcmFI5","baseKeyType":1,"closed":-1,"used":1742490564696,"created":1742490564696,"remoteIdentityKey":"BZ7V3nAgvv6s8RQU/ztsrWXHilm+a7jHCivnoAnqML0f"},"_chains":{"BY1gWmN6orMFWUSwL/iy8eQdeiy2QgcWXyHLFBqnNnEV":{"chainKey":{"counter":0,"key":"Jo3i72qxNFUCYx05sbjmYZbFB61aJiqZGYwP4gpSLLg="},"chainType":1,"messageKeys":{}}},"pendingPreKey":{"signedKeyId":1,"baseKey":"BTVtTHBE4xHyekKBe1g7K0onY60ksImbofUmcYzcmFI5","preKeyId":8071611}}},"version":"v1"}