{"_sessions":{"BbooxWy2qPmHZAOotZ2R/BAIyCm4fZGCkMuYrBBZ8fY8":{"registrationId":569488651,"currentRatchet":{"ephemeralKeyPair":{"pubKey":"BdpznMdT7Fbb9PdIabrtcW+pIbY4/q2+8ZEiDRESNMgq","privKey":"kL1bbv1Phy9+YPKoupgEHatFMfbs+SNSD8ea9xXaB0s="},"lastRemoteEphemeralKey":"BU6tNWM3dHKm4aNNzKZJTjqZv+pkYpD1omlwo6s9L7N4","previousCounter":0,"rootKey":"Wr6gw06S2JprsqCmFxubkkKkeM1igwEVj1i2kyvg8LE="},"indexInfo":{"baseKey":"BbooxWy2qPmHZAOotZ2R/BAIyCm4fZGCkMuYrBBZ8fY8","baseKeyType":1,"closed":-1,"used":1742490563875,"created":1742490563875,"remoteIdentityKey":"BSk9w5UlCHgjTT3Hk/XuCTJqi434qyruhx8kuF47Tml7"},"_chains":{"BdpznMdT7Fbb9PdIabrtcW+pIbY4/q2+8ZEiDRESNMgq":{"chainKey":{"counter":0,"key":"7xs12ln9VGQhsChinP0mNiYvx0O7pixOoQ0xZF29D1M="},"chainType":1,"messageKeys":{}}},"pendingPreKey":{"signedKeyId":32,"baseKey":"BbooxWy2qPmHZAOotZ2R/BAIyCm4fZGCkMuYrBBZ8fY8","preKeyId":11983815}}},"version":"v1"}