{"_sessions":{"BSau7vf5K9AwjfUjjvXFBjMdV8qEgSAhIvUzFYahqrkz":{"registrationId":1753714369,"currentRatchet":{"ephemeralKeyPair":{"pubKey":"BRzv0WSLGWKG3tLzW9cHRzTs35NZ6gk4n13KEdHHIFJH","privKey":"oBXPerJvrv/mphwSimBAVQv02+Sc32LmFi6CIvWmKV4="},"lastRemoteEphemeralKey":"BY1NolKtCdkII3PIhNsVLm8r406H4UTBACjnjelij58B","previousCounter":0,"rootKey":"ykxB13SEQRdjpUm31hS/VU+2yTbbnE4kboQzpxR31fY="},"indexInfo":{"baseKey":"BSau7vf5K9AwjfUjjvXFBjMdV8qEgSAhIvUzFYahqrkz","baseKeyType":1,"closed":-1,"used":1742490563608,"created":1742490563608,"remoteIdentityKey":"BRKz8ICkYVgf8KAO4RdgFfCw0oVKcqAGb+wLJvzJw7Uo"},"_chains":{"BRzv0WSLGWKG3tLzW9cHRzTs35NZ6gk4n13KEdHHIFJH":{"chainKey":{"counter":0,"key":"Iapo8c16IOsxrv2l372LpL9NlMtFZlqlAkUUCZbixHI="},"chainType":1,"messageKeys":{}}},"pendingPreKey":{"signedKeyId":1,"baseKey":"BSau7vf5K9AwjfUjjvXFBjMdV8qEgSAhIvUzFYahqrkz"}}},"version":"v1"}