{"_sessions":{"BTV1OWdEAyMpLfT9w4e4n2unmrsyidvdEDwDFkWmKeED":{"registrationId":1070843612,"currentRatchet":{"ephemeralKeyPair":{"pubKey":"BYd9JVSqcb+tzrsqZIo0EGKtFHT3/szzM7FppHsrUa8+","privKey":"IJNuAW/vbxTgeVgzbu3O5qPq0jClOMylZ7cRrBvmAEg="},"lastRemoteEphemeralKey":"BW3ia/8RzvAzB7DFY5+uZxZjmj9/C9+PTYe8JvvPwZJX","previousCounter":0,"rootKey":"3mmdiDJMAgx9n7hOuyOQ4g5FrezvOhjA3T0ydnqBbYU="},"indexInfo":{"baseKey":"BTV1OWdEAyMpLfT9w4e4n2unmrsyidvdEDwDFkWmKeED","baseKeyType":1,"closed":-1,"used":1742490563907,"created":1742490563907,"remoteIdentityKey":"BfMGuhFq+fv7LqizI4f3FU71GHmxgYcZ8EbfCo6GoDto"},"_chains":{"BYd9JVSqcb+tzrsqZIo0EGKtFHT3/szzM7FppHsrUa8+":{"chainKey":{"counter":0,"key":"S3Yf1cwv6T1jM7Eiqfo3AlfZxQjDpsIWEOxwwGez1Xo="},"chainType":1,"messageKeys":{}}},"pendingPreKey":{"signedKeyId":45,"baseKey":"BTV1OWdEAyMpLfT9w4e4n2unmrsyidvdEDwDFkWmKeED","preKeyId":12954967}}},"version":"v1"}