{"_sessions":{"BUK9ymcyzdlY+V1YE/YjISl8M/KEhEv2QXGpwvZ3UYR3":{"registrationId":1186021790,"currentRatchet":{"ephemeralKeyPair":{"pubKey":"BTEyWaYIBuuomaQgeGW6JGD1bBL9RhUbTWIXGQ+O/B0N","privKey":"SCzFOfKvSBYcHpVe4JGVqmliTKEXiJL58A2fex1SDEs="},"lastRemoteEphemeralKey":"BePan/Px2QFarGwowZVzzO7IIpC9wTuTjP5lH/IEuiov","previousCounter":0,"rootKey":"36DEcMCr6eHSPIcfL4WVQc+KGewpsqYpINR3VDi0uBQ="},"indexInfo":{"baseKey":"BUK9ymcyzdlY+V1YE/YjISl8M/KEhEv2QXGpwvZ3UYR3","baseKeyType":1,"closed":-1,"used":1742490563618,"created":1742490563618,"remoteIdentityKey":"BbPTQfcKrW0rJPBqHXV390s2Y1FPTtAYtCd17wvGb2ZT"},"_chains":{"BTEyWaYIBuuomaQgeGW6JGD1bBL9RhUbTWIXGQ+O/B0N":{"chainKey":{"counter":0,"key":"GCi8IeeJhUG1AIMgB96J3gzj/8LRo4GcaUH+qgUQ9fo="},"chainType":1,"messageKeys":{}}},"pendingPreKey":{"signedKeyId":1,"baseKey":"BUK9ymcyzdlY+V1YE/YjISl8M/KEhEv2QXGpwvZ3UYR3"}}},"version":"v1"}