{"_sessions":{"BVgzyco3AedDnKzRfUJzAkNpBG6vpyRHsDv1CMaoaIdr":{"registrationId":427609542,"currentRatchet":{"ephemeralKeyPair":{"pubKey":"BVEgGCHf+1g570ju7Sirs7CGhfgwUgTo4P/jh60Clycp","privKey":"gCmZratJ+7a3gGNhG9xn08h+davso9F6cxQXNkJmEEU="},"lastRemoteEphemeralKey":"BR8mDBSl6nFoWg3JujykYODssxq2duFTJw7ZED2/PEAg","previousCounter":0,"rootKey":"rzRkyHN5L4Lqn0PqXtoh3KzH1Hd/Z7esqV9CE2YdCRA="},"indexInfo":{"baseKey":"BVgzyco3AedDnKzRfUJzAkNpBG6vpyRHsDv1CMaoaIdr","baseKeyType":2,"closed":-1,"used":1742491421123,"created":1742491421123,"remoteIdentityKey":"BdhIyvMU6m5fGAhX32LWKwq/Os+AjnZU9eZIcEE94VFD"},"_chains":{"BR8mDBSl6nFoWg3JujykYODssxq2duFTJw7ZED2/PEAg":{"chainKey":{"counter":0,"key":"DTQMNArCdzM1A9+Qo06aX976Gh/Xm6myEZdUcK6ehR0="},"chainType":2,"messageKeys":{}},"BVEgGCHf+1g570ju7Sirs7CGhfgwUgTo4P/jh60Clycp":{"chainKey":{"counter":-1,"key":"3e3LYdXpct9BedGfq61t30LwzDDfkzinkz5Acd3oJVs="},"chainType":1,"messageKeys":{}}}}},"version":"v1"}