{"_sessions":{"BTBUqfyn5kOeHrAJuOPEXjLSLWsl0Vog91OWGlqxQ2JT":{"registrationId":465449118,"currentRatchet":{"ephemeralKeyPair":{"pubKey":"BUetXSY+4HyYx0kzMhIeY+gXt6t4JKOw7Rh6/wGHRi0t","privKey":"GMslKT5CUvjtq0shOLFj4LtnG12xB2JJj7HGO8oYrWU="},"lastRemoteEphemeralKey":"BUizLQFqoN+IZzAO0bmSQdiSvlqKOt0ADmAUv61M6tVP","previousCounter":0,"rootKey":"x1smUuPGrbJVWqsWWYFn16Ozt3wGoQ1xXHUURr9VDRs="},"indexInfo":{"baseKey":"BTBUqfyn5kOeHrAJuOPEXjLSLWsl0Vog91OWGlqxQ2JT","baseKeyType":1,"closed":-1,"used":1742490564383,"created":1742490564383,"remoteIdentityKey":"BSMjE7wgfhwwntOZ+VlG+9WfOL587Dicct2PIjCAie82"},"_chains":{"BUetXSY+4HyYx0kzMhIeY+gXt6t4JKOw7Rh6/wGHRi0t":{"chainKey":{"counter":0,"key":"GL1m1LVL9VMNBvIBCXZEaaP8pssO95pqNvYYEB6ont0="},"chainType":1,"messageKeys":{}}},"pendingPreKey":{"signedKeyId":1,"baseKey":"BTBUqfyn5kOeHrAJuOPEXjLSLWsl0Vog91OWGlqxQ2JT"}}},"version":"v1"}