{"_sessions":{"BapVbRG9YZjtqG6IQ3PnwZYAKkPqQnEHel/eEyMwjzoh":{"registrationId":686408994,"currentRatchet":{"ephemeralKeyPair":{"pubKey":"BZi9s9RsdHPz2H+jdiK0eWjlzaqtkokSroFYImFe1mUI","privKey":"aHTEuhcOW1YjWpjTLzjrNlXBFEjrfe9+heojAEN6gnw="},"lastRemoteEphemeralKey":"BWdVbEI+VUrMrpYWfvZ7r+RqvBBJmKw1E7b5I+Pj37JB","previousCounter":0,"rootKey":"EQ9bBTYqEL+KsGrWvu2mTI0sAVRpczmUT3dfeNQ9Kfc="},"indexInfo":{"baseKey":"BapVbRG9YZjtqG6IQ3PnwZYAKkPqQnEHel/eEyMwjzoh","baseKeyType":2,"closed":-1,"used":1742493445049,"created":1742493445049,"remoteIdentityKey":"BXQL7SEnnkNd27Yrgnhpa/BTxvBRYBoJlTi6lkS5Z+ZO"},"_chains":{"BWdVbEI+VUrMrpYWfvZ7r+RqvBBJmKw1E7b5I+Pj37JB":{"chainKey":{"counter":0,"key":"FZRo0ZBRpUmmr64Yhy83HGEyqZBjEfIvUbMZ8lmGQ6o="},"chainType":2,"messageKeys":{}},"BZi9s9RsdHPz2H+jdiK0eWjlzaqtkokSroFYImFe1mUI":{"chainKey":{"counter":-1,"key":"aqoLTgJATlOx9XpNHNo3UQ7vsozHuD3P74n0RC85Nyk="},"chainType":1,"messageKeys":{}}}}},"version":"v1"}