{"_sessions":{"BZ6FDwz4k/XMLl8xgrKAFdv9tZLOe3b/5fRhGnzLMQd5":{"registrationId":432216189,"currentRatchet":{"ephemeralKeyPair":{"pubKey":"Bf190y09dVbaI4uJ+cPQS/Ycu77Saq7Sg3GNPG9xdRFD","privKey":"qE1nHBFd09VXNqUDIZP02Ghv6lGhYDjTuiYD9t3GblY="},"lastRemoteEphemeralKey":"BUgjZxPd3hzDphvDCTdjx6DF88P9tXvTjWhlCqJjJHkz","previousCounter":0,"rootKey":"jFIAtmYTTh6QQ1f1VU3hKOa/46WJR4T01ICjjqfmhUQ="},"indexInfo":{"baseKey":"BZ6FDwz4k/XMLl8xgrKAFdv9tZLOe3b/5fRhGnzLMQd5","baseKeyType":1,"closed":-1,"used":1742490564182,"created":1742490564182,"remoteIdentityKey":"Bcn/IwZuHkALsZyKQ8Nq23G4wFCBzWKqT5B8WNW1ywtn"},"_chains":{"Bf190y09dVbaI4uJ+cPQS/Ycu77Saq7Sg3GNPG9xdRFD":{"chainKey":{"counter":0,"key":"besi6bnZrN/hUm1txn9AMq1fwnpHCjhCO0lxeZtxEoo="},"chainType":1,"messageKeys":{}}},"pendingPreKey":{"signedKeyId":6,"baseKey":"BZ6FDwz4k/XMLl8xgrKAFdv9tZLOe3b/5fRhGnzLMQd5","preKeyId":11231676}}},"version":"v1"}