{"_sessions":{"BfpMzvmAa/+CKD9OZRaNbdWU3pDqck4UhlQtmQIk7WZF":{"registrationId":1669299891,"currentRatchet":{"ephemeralKeyPair":{"pubKey":"BRnHVSU2idct2D2jvQ+UBiV1/LhQMyWzFxwpLb/YVlhP","privKey":"WKJd402TTDsewLJSlR2cW9ioRCNedXQIA2qut0Z/kXY="},"lastRemoteEphemeralKey":"BXdVaMPjGnldTNRFmUWD2QURAaodijsmLmhMTVOa67M+","previousCounter":0,"rootKey":"+8qxL4mkPnv6azSvagcMA+vAlZO/IKNZR8IuCX83DfA="},"indexInfo":{"baseKey":"BfpMzvmAa/+CKD9OZRaNbdWU3pDqck4UhlQtmQIk7WZF","baseKeyType":2,"closed":-1,"used":1742493018884,"created":1742493018884,"remoteIdentityKey":"Bc9GNutWlwue+PzDccrvkCMEUzacsb3T22rb/fUISu9d"},"_chains":{"BXdVaMPjGnldTNRFmUWD2QURAaodijsmLmhMTVOa67M+":{"chainKey":{"counter":0,"key":"CEG3ZAXMCrQLG5NmRcLHgv9mRjcDUObyxFb9GPTyxq0="},"chainType":2,"messageKeys":{}},"BRnHVSU2idct2D2jvQ+UBiV1/LhQMyWzFxwpLb/YVlhP":{"chainKey":{"counter":-1,"key":"q1xgV2Lzui0am0QWUlPFzTAiAsYSw+dv1LWu6IJrawQ="},"chainType":1,"messageKeys":{}}}}},"version":"v1"}