{"_sessions":{"BYFXdP2tffykp0W8yBi5ISGdva4HlYfV8ok6Fv9h34tN":{"registrationId":1154560376,"currentRatchet":{"ephemeralKeyPair":{"pubKey":"BeTnuvsp6dCHx4DGMMiFevh6drP/hyCpynqSlN5xWIQJ","privKey":"eM7XbqJ6t9hjJdP+O9cPuAmDmnQBKwET8f5BDQ46+14="},"lastRemoteEphemeralKey":"BSLkdKgrUcw/03N95NcTGo+Gg/dq35GLLajMKPAM6Ucg","previousCounter":0,"rootKey":"XuBRTxKhHJW16F5T8mwW2olgxW+N1pp6wZeqJUMRJFQ="},"indexInfo":{"baseKey":"BYFXdP2tffykp0W8yBi5ISGdva4HlYfV8ok6Fv9h34tN","baseKeyType":2,"closed":-1,"used":1742492302097,"created":1742492302097,"remoteIdentityKey":"BYU/uPpzKtpT2sgB8aktxNq7fVZxEJoLpOgKl63SP654"},"_chains":{"BSLkdKgrUcw/03N95NcTGo+Gg/dq35GLLajMKPAM6Ucg":{"chainKey":{"counter":0,"key":"gheBA+OFdKP9dIgySUmTYsd0AvftSH/QnKM77grdO5A="},"chainType":2,"messageKeys":{}},"BeTnuvsp6dCHx4DGMMiFevh6drP/hyCpynqSlN5xWIQJ":{"chainKey":{"counter":-1,"key":"hH1aam0RSWxsziIj9CQF7vuiF+CkkFPM1a77WA1EAQI="},"chainType":1,"messageKeys":{}}}}},"version":"v1"}