{"_sessions":{"BTMvmVZ9M1XPjJdnQIbYae+8SWYAxGb5wQhHuTZk0Hw6":{"registrationId":252409161,"currentRatchet":{"ephemeralKeyPair":{"pubKey":"BfmHtLkuMBHSXuoA+kjn75AuAj7PihJqHyAHH7S8Ktwd","privKey":"2AnZRYA6S2Pfym3DyZiCq+6dYKLIVDB7YBh8ZNgZkVE="},"lastRemoteEphemeralKey":"BVEVviq04zGOtN0pKnhFDbTN+B91c2yWjraYn6iu3Kh5","previousCounter":0,"rootKey":"+CiB7cxI/UDBw7pswRSvAvrLcikOMMc001fZuNtRxo4="},"indexInfo":{"baseKey":"BTMvmVZ9M1XPjJdnQIbYae+8SWYAxGb5wQhHuTZk0Hw6","baseKeyType":1,"closed":-1,"used":1742490564592,"created":1742490564592,"remoteIdentityKey":"BaHK4tYFxu8EmxggYgdQLz6QfV02cONfil6wBcadhhR/"},"_chains":{"BfmHtLkuMBHSXuoA+kjn75AuAj7PihJqHyAHH7S8Ktwd":{"chainKey":{"counter":0,"key":"AwpQsxhv08oNW11Ir0GRp5EbA7n3Z5UjO6cDR1FZaLw="},"chainType":1,"messageKeys":{}}},"pendingPreKey":{"signedKeyId":16,"baseKey":"BTMvmVZ9M1XPjJdnQIbYae+8SWYAxGb5wQhHuTZk0Hw6","preKeyId":11567360}}},"version":"v1"}