{"_sessions":{"BTRYc3PdOit8zfAEBHT3gEPKWScQEWj2Ac3JBqGyEYUm":{"registrationId":1084232518,"currentRatchet":{"ephemeralKeyPair":{"pubKey":"BULfhnoL7yTnqegicJYY6ljbsjODhaTNgXwwMJKObPtR","privKey":"WHbO/rdUZ2d3ZUvJLMQGrvxDYaJBKonCRQPravd0MV4="},"lastRemoteEphemeralKey":"BUzECzEVwE4AODp8aeB/6a5OIErvxl0OBBz6qpyBzlVf","previousCounter":0,"rootKey":"hCG8zL2vzJzv2NRxgdAfxNB54uZj4JHa21ADd2dvyrM="},"indexInfo":{"baseKey":"BTRYc3PdOit8zfAEBHT3gEPKWScQEWj2Ac3JBqGyEYUm","baseKeyType":1,"closed":-1,"used":1742490564611,"created":1742490564611,"remoteIdentityKey":"BbsIe2mZs7Ks8tO8bzczk6K5pJztbGh4kgbN6EEnsx5F"},"_chains":{"BULfhnoL7yTnqegicJYY6ljbsjODhaTNgXwwMJKObPtR":{"chainKey":{"counter":0,"key":"jB5x8NEUP6gHjQVQdwH5EJTyqsJuLIk7GI9+qUpoPGk="},"chainType":1,"messageKeys":{}}},"pendingPreKey":{"signedKeyId":4,"baseKey":"BTRYc3PdOit8zfAEBHT3gEPKWScQEWj2Ac3JBqGyEYUm","preKeyId":14589761}}},"version":"v1"}