{"_sessions":{"Bavr83ARcEMZ5eVLiyhZC2G28jBja2IwCUqBfm77OCML":{"registrationId":7771,"currentRatchet":{"ephemeralKeyPair":{"pubKey":"BYJjMiWBF6Y8/+8m7XVdpkxdMDsC+dLfxpklyxoroI9w","privKey":"UH/T+qT/8Pu0Jg6uvh6Ac9Htk2SncYtSxvkuPL6WkEM="},"lastRemoteEphemeralKey":"BUuIWDn8Zjun28zVwVe4INDvrKZCfc40d7a0DfSDCdZM","previousCounter":0,"rootKey":"Qhqf0VsDNUMDGbsUS4JhXX8KfoSw4/BQJtxpvp93m4g="},"indexInfo":{"baseKey":"Bavr83ARcEMZ5eVLiyhZC2G28jBja2IwCUqBfm77OCML","baseKeyType":1,"closed":-1,"used":1742490563604,"created":1742490563604,"remoteIdentityKey":"BSU92DOVY/CAtcqmaffY3IOz34bhJxpJ1C9LGhb5ackA"},"_chains":{"BYJjMiWBF6Y8/+8m7XVdpkxdMDsC+dLfxpklyxoroI9w":{"chainKey":{"counter":0,"key":"5z8p9jH0OsAEabVX9n80sXgNe01YzNpPwLqbOlFkKVQ="},"chainType":1,"messageKeys":{}}},"pendingPreKey":{"signedKeyId":1,"baseKey":"Bavr83ARcEMZ5eVLiyhZC2G28jBja2IwCUqBfm77OCML"}}},"version":"v1"}