{"_sessions":{"BSZiUkFZtZs29U5qJH6yrCVNDrqrzZqjDRlimXD75fx7":{"registrationId":627264600,"currentRatchet":{"ephemeralKeyPair":{"pubKey":"BRVHdHhgG9/fiCKv9VGQoUWgqfkArq5Oe8Eoyp7AYTQo","privKey":"8OPlsg0TltJqo10HeLNEkq0/S9gFPcwnE/QxkgYJimQ="},"lastRemoteEphemeralKey":"BRQC5C/nC7gdsViOJeDqX7b+bQ7Ir3tXf5v6JPTzqr0r","previousCounter":0,"rootKey":"U0Qk8QUIy3jevOyeaAIFlvBSD12UNuSwXRx4qxXDjvA="},"indexInfo":{"baseKey":"BSZiUkFZtZs29U5qJH6yrCVNDrqrzZqjDRlimXD75fx7","baseKeyType":2,"closed":-1,"used":1742492301278,"created":1742492301278,"remoteIdentityKey":"BeEeqpXFYRUgsrqvQ2q/6Da30T2LTobrLB5yt/vxFCd0"},"_chains":{"BRQC5C/nC7gdsViOJeDqX7b+bQ7Ir3tXf5v6JPTzqr0r":{"chainKey":{"counter":0,"key":"OuAm6wzOTRwepNZM47hbSDe1S5r+AWVeS5150QBVsek="},"chainType":2,"messageKeys":{}},"BRVHdHhgG9/fiCKv9VGQoUWgqfkArq5Oe8Eoyp7AYTQo":{"chainKey":{"counter":-1,"key":"WLXCUa5iUgGqDSZyA0Uf0OT7OmEwtZhYcUXx/7MBSHM="},"chainType":1,"messageKeys":{}}}}},"version":"v1"}