{"_sessions":{"BTKQEabpEADNb8oLjXbpWTLUHrpFVQG4RnCea3r8KWkP":{"registrationId":397495621,"currentRatchet":{"ephemeralKeyPair":{"pubKey":"BQExjEnRScSMhgQoBwvOkB8PeMAKsPSovxvsSq8ovqlS","privKey":"SGeyxxeOwK22uEYsvtQwzrGygo5dkF1Vu8XAwL/yOGs="},"lastRemoteEphemeralKey":"Bc8VIsvrH+QcXnWTLJ/GEfYiDEz6zvclNKKG7xFQ6a0q","previousCounter":0,"rootKey":"RZUVrPfz02WKl8RyYvqmnKSUrOahq7VHezkIdJ8D6hU="},"indexInfo":{"baseKey":"BTKQEabpEADNb8oLjXbpWTLUHrpFVQG4RnCea3r8KWkP","baseKeyType":1,"closed":-1,"used":1742490564413,"created":1742490564413,"remoteIdentityKey":"BaXo9irrGEk+hGs1k1MxAjOuvYSfRI0zHsXdpqUdxdcU"},"_chains":{"BQExjEnRScSMhgQoBwvOkB8PeMAKsPSovxvsSq8ovqlS":{"chainKey":{"counter":0,"key":"n63Ajc3NK27C63w2OfbfOAUyVouWpJAIr/lKIedCeEI="},"chainType":1,"messageKeys":{}}},"pendingPreKey":{"signedKeyId":16,"baseKey":"BTKQEabpEADNb8oLjXbpWTLUHrpFVQG4RnCea3r8KWkP","preKeyId":8091964}}},"version":"v1"}