{"_sessions":{"Bc2ik76omn5O3q5yWwOt4N9OFkOgLAD4qfwR8/jWKeUZ":{"registrationId":1542697143,"currentRatchet":{"ephemeralKeyPair":{"pubKey":"Bc7cpN+a5hePuFDYs7CcM7xkwV7z5MwPTI557018b0JP","privKey":"KBmfWjZh4+wYiEOuXDMIg/h7JqkSTEH9ctZNH+Yy0nA="},"lastRemoteEphemeralKey":"Bd9xUgMEiEDC40r1RuA1VJ5x+JNkubdQKKBHhrDDjvNL","previousCounter":0,"rootKey":"2NR1cZp97gQdqL01a1ovlXp7xaf3db6sPckB/jcdw6U="},"indexInfo":{"baseKey":"Bc2ik76omn5O3q5yWwOt4N9OFkOgLAD4qfwR8/jWKeUZ","baseKeyType":2,"closed":-1,"used":1742490669153,"created":1742490669153,"remoteIdentityKey":"BSa4cgFMcS58wChdicJ244yLNEf2aHsEWXlqP+4jWdkx"},"_chains":{"Bd9xUgMEiEDC40r1RuA1VJ5x+JNkubdQKKBHhrDDjvNL":{"chainKey":{"counter":2,"key":"fdDJMiE269nQmg16r3bRWboEbl8xp2GMiT/k1ye2his="},"chainType":2,"messageKeys":{}},"Bc7cpN+a5hePuFDYs7CcM7xkwV7z5MwPTI557018b0JP":{"chainKey":{"counter":-1,"key":"29pDWyyw61Kzi1nMoNqcVs85s5MxEzV/zQFqozrPAAY="},"chainType":1,"messageKeys":{}}}}},"version":"v1"}