{"_sessions":{"BRiPZCpKJ3Eepq8+hQPsQDllmSdUifUfKaQC12tVnoAv":{"registrationId":1576666487,"currentRatchet":{"ephemeralKeyPair":{"pubKey":"BX8sr+PRkXEwCEESlhyCWZLC298/0IizkXqpkW73HE9y","privKey":"MGrTK73pVnJCi6uGxkdjiwwbQj9iArEsskJWFdIUd2w="},"lastRemoteEphemeralKey":"BcjM5/S7nWM8V6Onx+8QCmx/j1jS5SmdtR3zBQYX6jgi","previousCounter":0,"rootKey":"PEaQaK2XH1Qt8jGe1Z6yp3rO1Fgp8zrOYCcmkzwjI6I="},"indexInfo":{"baseKey":"BRiPZCpKJ3Eepq8+hQPsQDllmSdUifUfKaQC12tVnoAv","baseKeyType":1,"closed":-1,"used":1742490564103,"created":1742490564103,"remoteIdentityKey":"BbNwvA9O4YKOsbNj/XvF6p/2/TQUq7DBzqPakjeNKg1b"},"_chains":{"BX8sr+PRkXEwCEESlhyCWZLC298/0IizkXqpkW73HE9y":{"chainKey":{"counter":0,"key":"i7YrNQNgccIO9E3GK2tgtZs5b8Gv4p2IaM01hnuGJXQ="},"chainType":1,"messageKeys":{}}},"pendingPreKey":{"signedKeyId":17,"baseKey":"BRiPZCpKJ3Eepq8+hQPsQDllmSdUifUfKaQC12tVnoAv","preKeyId":2939091}}},"version":"v1"}