{"_sessions":{"BWXWFnNXmSOaZrJ6uy9s/CeU1+/0JLEJLjhZZ0xV070a":{"registrationId":155786223,"currentRatchet":{"ephemeralKeyPair":{"pubKey":"BafPR7sMplhB3GMa03aF+lF1QBS2uY3y/73D2pe8ssMt","privKey":"AG6ZhNdr4gprNld+2lSeyNeCB+IG/Qh0ePhoN9wl1Us="},"lastRemoteEphemeralKey":"BdBqAxEteL4/7Lz0+LDeAPwS58R19NK2oMgc1M6R0bgV","previousCounter":0,"rootKey":"n/KpRu+FbVJPf4HbkvLr+mpfH1ra4UTcLBvshY47qPM="},"indexInfo":{"baseKey":"BWXWFnNXmSOaZrJ6uy9s/CeU1+/0JLEJLjhZZ0xV070a","baseKeyType":2,"closed":-1,"used":1742492301195,"created":1742492301195,"remoteIdentityKey":"BQEPTyJei46ukJH2WlDd3Enj1BNJ5dtnZm7ipm18k/xT"},"_chains":{"BdBqAxEteL4/7Lz0+LDeAPwS58R19NK2oMgc1M6R0bgV":{"chainKey":{"counter":2,"key":"Z9StayFkx0fw6YO9QGZQgfdFbfhZQq8OcO1+uKvmuXY="},"chainType":2,"messageKeys":{}},"BafPR7sMplhB3GMa03aF+lF1QBS2uY3y/73D2pe8ssMt":{"chainKey":{"counter":-1,"key":"WsLVgdyIJtEmFmudfmGAxNKGD64PIVdKLbOhMRaf90s="},"chainType":1,"messageKeys":{}}}}},"version":"v1"}