{"_sessions":{"BQMbGNXWOTaNbbRbJAkdjNZRzVbF59WY0ThnoZQ8PTV2":{"registrationId":1007492076,"currentRatchet":{"ephemeralKeyPair":{"pubKey":"BYDLMoycumxTHBIEZBz3D6Z2Pcqg5rHW6eJzs4ePyaIm","privKey":"yDkS5dvL6LwSPNK9eIfjDXa19QVKNvwagzuZx/RA1Fs="},"lastRemoteEphemeralKey":"BROnNQaGbAcEr/jTwqv3SEf9YXFz6CDcsuiTk9BqabtI","previousCounter":0,"rootKey":"mGV9y/8u+yf81YgO29ZXFVcTj32WrMmM8T64YxgS1ng="},"indexInfo":{"baseKey":"BQMbGNXWOTaNbbRbJAkdjNZRzVbF59WY0ThnoZQ8PTV2","baseKeyType":1,"closed":-1,"used":1742490564503,"created":1742490564503,"remoteIdentityKey":"Bbm/UHCnAFUCx3pWD5ZdQsqrVgC8P7T0SXekeFvOv3Ey"},"_chains":{"BYDLMoycumxTHBIEZBz3D6Z2Pcqg5rHW6eJzs4ePyaIm":{"chainKey":{"counter":0,"key":"VS9o5BcY4Lr+Q1W7+kPQ3naEm/uqJEX5pjf8BPJl7gQ="},"chainType":1,"messageKeys":{}}},"pendingPreKey":{"signedKeyId":4,"baseKey":"BQMbGNXWOTaNbbRbJAkdjNZRzVbF59WY0ThnoZQ8PTV2","preKeyId":1380762}}},"version":"v1"}