{"_sessions":{"BVSAdoHCsOW89QZGSdtTQjXzIaRw5bhjS1oHf7agqBMF":{"registrationId":462924463,"currentRatchet":{"ephemeralKeyPair":{"pubKey":"BVqJ8YqQo/rQxYuC8fhBWdod3s8shiHfgthcdpFUjn8K","privKey":"oKaZJOqtgAgFDght+y6SUcBSedoDgT7XFWuUBDH1Am8="},"lastRemoteEphemeralKey":"BSNatf8JEZPPECQMqnFdM/RX/ryuNpArP3RfKR+6w793","previousCounter":0,"rootKey":"DFTA2EjuDA0DFVsnciILl4t1hBhfrYbccy+b+Ro9poM="},"indexInfo":{"baseKey":"BVSAdoHCsOW89QZGSdtTQjXzIaRw5bhjS1oHf7agqBMF","baseKeyType":2,"closed":-1,"used":1742490659828,"created":1742490659828,"remoteIdentityKey":"BfAhoYa3Y7brDm0sz1DnzswzuumjPuQnAUgqrWnr+28l"},"_chains":{"BSNatf8JEZPPECQMqnFdM/RX/ryuNpArP3RfKR+6w793":{"chainKey":{"counter":0,"key":"MRx4j2giNxadG3eMGgkOH+3Kip7CfZuvzGc19krID8Q="},"chainType":2,"messageKeys":{}},"BVqJ8YqQo/rQxYuC8fhBWdod3s8shiHfgthcdpFUjn8K":{"chainKey":{"counter":-1,"key":"/z9uMqzalgy7qRKuxTWNbkbVC53bQkQLptbUt+NoBhU="},"chainType":1,"messageKeys":{}}}}},"version":"v1"}