{"_sessions":{"BWmaRXJjHDIC1nmWcyCSdC2KGCdONP5mytqXCeGkk6R/":{"registrationId":2121508985,"currentRatchet":{"ephemeralKeyPair":{"pubKey":"Bds5HPNlpWjes76307rdkBp5p53L341ZA6ddjo222rxy","privKey":"eO5CEpgXdBY07fWXf7AiDmtJYbY+O2j8bLlJ0hZu7lA="},"lastRemoteEphemeralKey":"BaDmp/mXB/Yo3xp8NaJZ1ACaL0/ZFGDtDHP3bIHUCOoH","previousCounter":0,"rootKey":"dqTi0PbMydcfGdOQsnzh91yPz9VSHGu/Uch2CnM8wOE="},"indexInfo":{"baseKey":"BWmaRXJjHDIC1nmWcyCSdC2KGCdONP5mytqXCeGkk6R/","baseKeyType":1,"closed":-1,"used":1742490564007,"created":1742490564007,"remoteIdentityKey":"BcXdN/ZrD9oCFDl8hDmlMBe/oM6Bn7ZT6iDQGZ22f94F"},"_chains":{"Bds5HPNlpWjes76307rdkBp5p53L341ZA6ddjo222rxy":{"chainKey":{"counter":0,"key":"TfddYA4IgV9S0/P9SsdYVNWGBH/XlwtESOR3lH/8sfc="},"chainType":1,"messageKeys":{}}},"pendingPreKey":{"signedKeyId":2,"baseKey":"BWmaRXJjHDIC1nmWcyCSdC2KGCdONP5mytqXCeGkk6R/","preKeyId":13527711}}},"version":"v1"}