{"_sessions":{"BTI0dkVcICHTYzYMKx3ypOeE6DWq2FvUT8JEdlLUWQA9":{"registrationId":931654031,"currentRatchet":{"ephemeralKeyPair":{"pubKey":"BYH3k6Obj9hXvC1b9IamgzxVRroI4GxUSlYCR6X9EJkN","privKey":"GP61FIlW5B815mO20ZsVxOXwnvj+IY0SOoczWul8D1E="},"lastRemoteEphemeralKey":"BZju2Z9s58VMTTHw8SjuIwZ1fIvjTEvtUoeeYiy+eLNc","previousCounter":0,"rootKey":"OiZrPMSToG2Z0kPDY2h/nmwrIatnfFtZjofwxjt5d7w="},"indexInfo":{"baseKey":"BTI0dkVcICHTYzYMKx3ypOeE6DWq2FvUT8JEdlLUWQA9","baseKeyType":1,"closed":-1,"used":1742490564480,"created":1742490564480,"remoteIdentityKey":"BZpHKvs8i3AVmi8irAu64TcmIvVRNFY4GJcF9909oYJh"},"_chains":{"BYH3k6Obj9hXvC1b9IamgzxVRroI4GxUSlYCR6X9EJkN":{"chainKey":{"counter":0,"key":"TlUTkqLL0Xa+7zZTNvgcvt3Y2jhCTzqynL2l67iNLZI="},"chainType":1,"messageKeys":{}}},"pendingPreKey":{"signedKeyId":1,"baseKey":"BTI0dkVcICHTYzYMKx3ypOeE6DWq2FvUT8JEdlLUWQA9"}}},"version":"v1"}