{"_sessions":{"BapLNUE1RifmswxikF6PRwfeNTw+uAUtwDgiJK2OOTxW":{"registrationId":285037434,"currentRatchet":{"ephemeralKeyPair":{"pubKey":"BY6fNnm+9beZazu8EGnf51McZ0DH8WV+X56zbfF2eN9g","privKey":"wPd/g8bySX/W8bwBgEUricsF+IDrQvEr9TXUDzPpu00="},"lastRemoteEphemeralKey":"BXUnZ9ghpBEJQggCrRG3C8Q9I0Xhw2VOSIPNghvapUhj","previousCounter":0,"rootKey":"Xbjkn+8BkAj+OhO31yecigpGdvggbvpU0oAi0MaFHU8="},"indexInfo":{"baseKey":"BapLNUE1RifmswxikF6PRwfeNTw+uAUtwDgiJK2OOTxW","baseKeyType":2,"closed":-1,"used":1742492301099,"created":1742492301099,"remoteIdentityKey":"BbxZmTayaJIZn33x3NHmpEPub2U9Fta1EsDorF6/rft2"},"_chains":{"BXUnZ9ghpBEJQggCrRG3C8Q9I0Xhw2VOSIPNghvapUhj":{"chainKey":{"counter":1,"key":"npHWvQNjjf+0zhgTeqNzcjrHFgaoG/RQB8mz+ykKHgk="},"chainType":2,"messageKeys":{}},"BY6fNnm+9beZazu8EGnf51McZ0DH8WV+X56zbfF2eN9g":{"chainKey":{"counter":-1,"key":"GrWhqNhqL4o7s1ODwshFVfFCt9Uxfdu9PqboJW5Mtnw="},"chainType":1,"messageKeys":{}}}}},"version":"v1"}