{"_sessions":{"BQZB8MIVWXaazCxObi3JN5B38nY5/fssr15/dP6/QFN0":{"registrationId":2916949217,"currentRatchet":{"ephemeralKeyPair":{"pubKey":"BQOXFv3iOzkiK8O+EfsJRKpjk4m6w2pmRyQflpXWuW53","privKey":"SAXzrgAPrUHhybRqR14517kAzYD5UecBkPXeTxtQXVE="},"lastRemoteEphemeralKey":"BfUBmW7Hbzbc8LKxzju83+6DOJPdwFnsnsvYTP7ODStm","previousCounter":0,"rootKey":"LTlQ6ItVNdz76JnxOgoXv7S/Jf4yN33ZljG8vaIxJ4k="},"indexInfo":{"baseKey":"BQZB8MIVWXaazCxObi3JN5B38nY5/fssr15/dP6/QFN0","baseKeyType":1,"closed":-1,"used":1742490563676,"created":1742490563676,"remoteIdentityKey":"Bc0+Ky+VSB/aPCiLm4FnGwk9OCtnZ5EL+o9vjuLWJJN6"},"_chains":{"BQOXFv3iOzkiK8O+EfsJRKpjk4m6w2pmRyQflpXWuW53":{"chainKey":{"counter":0,"key":"wNJQOFf10rQKXyasHbWoCPkTVw9NEz5u7LLcXYQhfKw="},"chainType":1,"messageKeys":{}}},"pendingPreKey":{"signedKeyId":1,"baseKey":"BQZB8MIVWXaazCxObi3JN5B38nY5/fssr15/dP6/QFN0"}}},"version":"v1"}