{"_sessions":{"Be4V4P+XlR12PQ1LUlTCW+jcEJUSi1rRDPEX0wxyRL44":{"registrationId":1359693414,"currentRatchet":{"ephemeralKeyPair":{"pubKey":"BVH1lFYNgrhH7P8wzHgVHDZuwkYz5Og0VvjnYOKDJPVg","privKey":"WGoRrNI8Fvh3eorXhKS3SdzStUuVOLmdQ8xHHYdAqHU="},"lastRemoteEphemeralKey":"BVEy9r4ctxKmLXk6P8LDwVt5uz/bES3Y4kIGKzVPYihf","previousCounter":0,"rootKey":"sqGG66zENuINV/X1X9Rbq5sd5IN8PtW3bsqLLP6hJ2U="},"indexInfo":{"baseKey":"Be4V4P+XlR12PQ1LUlTCW+jcEJUSi1rRDPEX0wxyRL44","baseKeyType":1,"closed":-1,"used":1742490563774,"created":1742490563774,"remoteIdentityKey":"BaNu/REASD3J2whQXjUnpcoDPdYvf3LKJkP+JUM6RJoA"},"_chains":{"BVH1lFYNgrhH7P8wzHgVHDZuwkYz5Og0VvjnYOKDJPVg":{"chainKey":{"counter":0,"key":"5jiLzhb3VUIiR09NcmneMK52vp7aB7qkVlG5hM0pwhI="},"chainType":1,"messageKeys":{}}},"pendingPreKey":{"signedKeyId":1,"baseKey":"Be4V4P+XlR12PQ1LUlTCW+jcEJUSi1rRDPEX0wxyRL44","preKeyId":3451560}}},"version":"v1"}