{"_sessions":{"BVNErsaKWsawetRuKrcqONvGoUyJuQVZIAS0+STckEdn":{"registrationId":1786722374,"currentRatchet":{"ephemeralKeyPair":{"pubKey":"BUyGbCrdGXnqbuqsHQ2jTFLwu0AIS78YHEp+w03SOft3","privKey":"ECcV1iTGsioE62o7NQIdesKeiBUipXCl3Eexcu5uL1M="},"lastRemoteEphemeralKey":"BbSF3LUzO53J16Eho+IfrDjXPnTIN468swxknRFbvx8N","previousCounter":0,"rootKey":"papzG/0JkOWW9+J8a3zay2oYIKe37zm5nox21yi6ips="},"indexInfo":{"baseKey":"BVNErsaKWsawetRuKrcqONvGoUyJuQVZIAS0+STckEdn","baseKeyType":1,"closed":-1,"used":1742490564515,"created":1742490564515,"remoteIdentityKey":"BS38pAZJoHeqyILEGYldiOn8/IN5fnE+wv1JxxGcewYz"},"_chains":{"BUyGbCrdGXnqbuqsHQ2jTFLwu0AIS78YHEp+w03SOft3":{"chainKey":{"counter":0,"key":"vVzaxFy0QuvFKdM9Y6MxtbIUTvnfgc/xXc5UNSvYkqg="},"chainType":1,"messageKeys":{}}},"pendingPreKey":{"signedKeyId":0,"baseKey":"BVNErsaKWsawetRuKrcqONvGoUyJuQVZIAS0+STckEdn","preKeyId":4020280}}},"version":"v1"}