{"_sessions":{"BTrgcr9Xe8faRUVqseuvdlMAUQKiaygm6bbWkwv2BKM/":{"registrationId":1040804527,"currentRatchet":{"ephemeralKeyPair":{"pubKey":"BccJvdf2sVhb+kf9rRP4lEG+1nM/5snpQ93ptFqn/0xo","privKey":"SCbn5KCYU6DGgqEfM2vCPQUqhCDZoFH2bbjbL6SVvW8="},"lastRemoteEphemeralKey":"Bc1ILVbJmnwWIaVpYG4rLXRoWKDWCz02yGiO4mBNBZMH","previousCounter":0,"rootKey":"+GcvboEnApl/SVCwVfYfm65ltXxyvLhMAQxRmoEdi1I="},"indexInfo":{"baseKey":"BTrgcr9Xe8faRUVqseuvdlMAUQKiaygm6bbWkwv2BKM/","baseKeyType":1,"closed":-1,"used":1742490563988,"created":1742490563988,"remoteIdentityKey":"BRlPcRMZCC1gBrU7tk5fuFxj6Eraj7KIWppb2o7/i78Q"},"_chains":{"BccJvdf2sVhb+kf9rRP4lEG+1nM/5snpQ93ptFqn/0xo":{"chainKey":{"counter":0,"key":"zhDGa2v9vgcgpxCotu15RHz85jxAXC1g0lDk4XAt6ko="},"chainType":1,"messageKeys":{}}},"pendingPreKey":{"signedKeyId":23,"baseKey":"BTrgcr9Xe8faRUVqseuvdlMAUQKiaygm6bbWkwv2BKM/","preKeyId":3633770}}},"version":"v1"}