{"_sessions":{"BcnQUYgicwA4dosx6sVn3MTX6fbDRFkI87aS4N0Wy+Vk":{"registrationId":2074488444,"currentRatchet":{"ephemeralKeyPair":{"pubKey":"BYn4qjvk/EsAovehM3itmx8TcawHLgyN2ZtWdLE96qkJ","privKey":"ECqI6XOmqlxIKzB5N41CBcXaKnuFh+axsr0NPhimsko="},"lastRemoteEphemeralKey":"BeoufjS/K3rmsWjc63BKVH0sysO94jdU4nHe/iPApPNx","previousCounter":0,"rootKey":"UHzQFF0XQ0DBk0AmF5p2ZLP4Oa7Qx2k980fXw/bHP1Y="},"indexInfo":{"baseKey":"BcnQUYgicwA4dosx6sVn3MTX6fbDRFkI87aS4N0Wy+Vk","baseKeyType":1,"closed":-1,"used":1742490564391,"created":1742490564391,"remoteIdentityKey":"BaDFktLDPji1eR+36vY4P8w7+ZvIUeR0MOyhS/AuhiNQ"},"_chains":{"BYn4qjvk/EsAovehM3itmx8TcawHLgyN2ZtWdLE96qkJ":{"chainKey":{"counter":0,"key":"Xr6EjsxGUOXChHLMa2riTJmI5RkDlCPsTWMfmBvB4PI="},"chainType":1,"messageKeys":{}}},"pendingPreKey":{"signedKeyId":2,"baseKey":"BcnQUYgicwA4dosx6sVn3MTX6fbDRFkI87aS4N0Wy+Vk","preKeyId":9003610}}},"version":"v1"}