{"_sessions":{"BT8wF91JqGGUqcfdQMaIpAWz/b7417Q7PLuoxWMd6yBG":{"registrationId":1196511378,"currentRatchet":{"ephemeralKeyPair":{"pubKey":"BY9zYb0yUMpY3gYWDT63jmUpQ5M8RcZVj5u8h3MF02gu","privKey":"uMKlFHR40efJ5hBQB/hBV4OvPT42hQWLErWpwRQeB0k="},"lastRemoteEphemeralKey":"BajSlnYqCMjKazVcq/ajPI6bXpCKx66oH7MdYyt6/B0H","previousCounter":0,"rootKey":"IJLYrKtOnto/oJVZvITDP6Ed2+hXfxie5RuAuxWl92U="},"indexInfo":{"baseKey":"BT8wF91JqGGUqcfdQMaIpAWz/b7417Q7PLuoxWMd6yBG","baseKeyType":2,"closed":-1,"used":1742491420670,"created":1742491420670,"remoteIdentityKey":"BcyIuzXXPtGyovo7WLOql47HjUBPCIQfwozTONZRfJs2"},"_chains":{"BajSlnYqCMjKazVcq/ajPI6bXpCKx66oH7MdYyt6/B0H":{"chainKey":{"counter":0,"key":"SYHpEtmAeuK44osWWwK09SuuNCZZjPNaQsil+32DWU0="},"chainType":2,"messageKeys":{}},"BY9zYb0yUMpY3gYWDT63jmUpQ5M8RcZVj5u8h3MF02gu":{"chainKey":{"counter":-1,"key":"b0idJ4MXaoAfPdPyDbP9NZ/AQkt+a+4bsHLAoQifRPI="},"chainType":1,"messageKeys":{}}}}},"version":"v1"}