{"_sessions":{"BabKncwEt59/ij5yxO8N7uD87RiWStI0R1qgs5AvvQtt":{"registrationId":320347688,"currentRatchet":{"ephemeralKeyPair":{"pubKey":"BdbZDKHrnKceG0SIJ4TzN7YGvvbnN9rtOTDh9xn2KhRL","privKey":"yJ+GJAFnE0CKVkTFZJEjCZQ1gcKY7YB7iClc9r/9Ams="},"lastRemoteEphemeralKey":"BVMGWzRfeCr1tzv6IRVddAVZZXmIEjEcIY3javWn+u0Q","previousCounter":0,"rootKey":"Vor1/YxAnx8hy42Lw+1pL4EMXjsSlWibpMMs6AU8cbA="},"indexInfo":{"baseKey":"BabKncwEt59/ij5yxO8N7uD87RiWStI0R1qgs5AvvQtt","baseKeyType":2,"closed":-1,"used":1742490626826,"created":1742490626826,"remoteIdentityKey":"BV9hPhRdU5v1d6QslswXk2xEfkm0v7c/QSAqtM793UAn"},"_chains":{"BVMGWzRfeCr1tzv6IRVddAVZZXmIEjEcIY3javWn+u0Q":{"chainKey":{"counter":2,"key":"YmkPjTPqbmffl2U2SkT167p6Ea/epFosTbLvy5Wl4uU="},"chainType":2,"messageKeys":{}},"BdbZDKHrnKceG0SIJ4TzN7YGvvbnN9rtOTDh9xn2KhRL":{"chainKey":{"counter":-1,"key":"ieN+cq/trk3MmOoq4CPe9uD5adVabPoDuwxQa3QyD1I="},"chainType":1,"messageKeys":{}}}}},"version":"v1"}