{"_sessions":{"Ben+D9++IQ74y/ulUq3vQo9Y328k5eePFMkenRdbunNM":{"registrationId":76738305,"currentRatchet":{"ephemeralKeyPair":{"pubKey":"BcuaaQUoOaAxOOuqZshIjJYdBJQHh23Fy//VgryDk44W","privKey":"QEg4RA6f4+2fSMC7QZFO4a1hxmB8wb6PMuYspzz012E="},"lastRemoteEphemeralKey":"Bff36G8fkRyjArO8MET89D0Hkl/KhLwFBqe4h4Ndj2Zn","previousCounter":0,"rootKey":"phN1P/QeBzVzRKpf3ISVzRHWHCsxCwyln3x5M4GRXYw="},"indexInfo":{"baseKey":"Ben+D9++IQ74y/ulUq3vQo9Y328k5eePFMkenRdbunNM","baseKeyType":2,"closed":-1,"used":1742492668590,"created":1742492668590,"remoteIdentityKey":"BTmKaB1MEpllZ1VRiVdhaSVHd2m3KeyPLZ1mONJr03s7"},"_chains":{"Bff36G8fkRyjArO8MET89D0Hkl/KhLwFBqe4h4Ndj2Zn":{"chainKey":{"counter":1,"key":"WRy22Iij493e4h5+hbRoadlP72hrJcox7zbZJ5B7Jbg="},"chainType":2,"messageKeys":{}},"BcuaaQUoOaAxOOuqZshIjJYdBJQHh23Fy//VgryDk44W":{"chainKey":{"counter":-1,"key":"4OpTh1zmyb6DOa2gU9c9R7MJvGntivbb1vIs5n7wTRo="},"chainType":1,"messageKeys":{}}}}},"version":"v1"}